@44 : menotti.m+44@gmail.com
@w : wvonkoch@gmail.com
@Peeps : dcp150@yahoo.com / welcome32 / (806) 786-2242
@trance : christine_tntran@yahoo.com : (678) 414-3416
@london : londonDailey@gmail.com
@Soul : new.itunes0+iSoulmusic@gmail.com
@8q : fedor@softhome.net
@8h : jungteju@nate.com
@d0 : dara@all-steps.com / (914) 584-9476
@platter : Innenminister@hotmail.com
@waldo : simon.waldman@bellsouth.net
@chart : cwatson777@hotmail.com / chart77@gmail.com : 7402446509 275885620 19740901
@sleep : btwelch1@gmail.com
@mist : tweetmist@yahoo.com
@kendall : kendall@clarkparsia.com
@HQ2 : andrewharris@hq2.uk.com / chelsea22
@Competitive : crepes14@yahoo.com
@grenade :  rthijssen@gmail.com
@Rid : Rid_H@hotmail.com
@smush : NicoleSilver@hotmail.co.uk
@18B : biancahernandez18@yahoo.com
@4k : vladimir.archers@gmail.com
@3v : Vikjord@gmail.com
@Stokkies13 : StokkiesHanekom@yahoo.com
@GaryRojas : Gary_Rojas@yahoo.com
@LL :  lupa.kk@gmail.com (other emails : laura.lovreglio@outlook.it, ohmialula@gmail.com)
@AkivaSchaffer : AkivaSchaffer@yahoo.com
@MarikaKoroibete : Marika.Koroibete@yahoo.com
@dared : DanRedler@gmail.com
@alpha : al.Petfield@gmail.com
@hostages : lbailey81@aol.com
@euphoria : michael.greene@gmail.com
@intention : nancy@intention.com
@intervene : Intervention.Gallery@googlemail.com
@Morgue : DrummingBigBear@yahoo.com
@foggy : Lindsay.Eaton@icloud.com
@Under : Nuno.Monteiro@gmail.com
@Profound : ProfoundBrian@gmail.com
@throb : rHruska@gmail.com
@sag : sveinare@gmail.com
@territory : Paul.Schmit@gmail.com
@stampede : bullsStampede@gmail.com
@oo : Oliver.Oike@gmail.com
@blitz : dominicwilliams@gmail.com
@regenerate : JanOve@gmail.com
@hallucinate : NateVogel@gmail.com
@z0 : Raveh.Neeman@gmail.com
@never : diewhitegirls@gmail.com : 816-813-0426
@owe : Wirdahl@gmail.com 
@kk : kk@kriskrug.com
@illustrate : gepkes@gmail.com
@mediocre : xema@makememinimal.com
@k1o : karrah.lopez@yahoo.com
@ijh : ijhudson@comcast.net
@Cyclops : morganm@bigpond.net.au
@Logged : myagubov@yahoo.com
@walking : m_lasca@hotmail.com
@core - corebasis@gmail.com - (unsure i believe he lives offshore to the US)
@degen - warrenneedham@gmail.com - (lives in South Africa)
@dru - andrey.melnik@icloud.com - (US offshore)
@di - maple.hd@gmail.com - (US offshore)
@ruby - ruby@lotusmedia.org - (unsure)
@tao - taotao@gmail.com - (unsure)
@nix - agnome@gmail.com - (US offshore)
@pepper - dapimien@yahoo.es - +034.630638772 (US offshore)
@rau - anton.rau@gmail.com - (US offshore)
@rem - remy@remysharp.com - (US offshore)
@annabell - avleh@hotmail.com - (US offshore)
@angel - angel.j.anderson@gmail.com - 8189856896
@ok - brendangl@gmail.com - 3346637782
@trojan - incubati@gmail.com - (US offshore)
@dew - dewknight@gmail.com - 7196869850 - 7192107431
@dan - dan@dofter.com - (no number)
@dulin - christiandulin@gmail.com - (no number)
@splinter - mail@rayjacobsen.com - 8455680786
@white - scoobythedoo@gmail.com - (no number on twitter account)
@chest - chesterng@gmail.com - (no number)
@ai - truecalling9@gmail.com - (cant find number)
@msg - mgalpert@gmail.com - (no number)
@wisdom - wisdomj@gmail.com - 4848804271
@soap - d@vidh.org - (cant find number)
@jd - jdbradford@gmail.com - (offshore US)
@never - diewhitegirls@gmail.com - (cant find number)
@genesis - mikey.k@gmail.com - (cant find number)
@pd - paul@watermarktech.com - 2066234535 - 2068567285 (does not have num as recovery on twitter)
@volt - marcos.volt@gmail.com - (offshore US)
@yo - banthis@gmail.com - (cant find number)
@rain - rain.jokinen@gmail.com - 4157761335
@fear - gonzalez.ivan@gmail.com - (cant find number)
@mountain - mingli.yuan@gmail.com - (offshore US)
@must - stefanogorgoni.akamust@gmail.com - 35699553619
@strict - f.rachello@gmail.com - (offshore US)
@dump - christiano.anderson@gmail.com - (offshore US)
@flip - jpcamp@gmail.com - (cant find number)
@marble - marble@jp.org - (offshore US)
@bo - bo.mcfarland@gmail.com - (cant find number)
@sv - svenja@23bit.net - (offshore US)
@ko - khalid.omar@gmail.com - (offshore US)
@frost - frost@crypto.tw - (offshore US)
@cooler - cychun8@gmail.com - (offshore US)
@velvet - reginaldc@gmail.com - (offshore US)
@vsr - rockraikar@gmail.com - (offshore US)
@kw - kwlowwg01@yahoo.com - 2155693841 (isnt twitter recovery option try yahoo)
@bg - corstra@hotmail.com - (offshore US)
@bl - blider@gmail.com - (no num twitt recovery option)
@wr - wells.riley@gmail.com - (no num twitt recovery option)
@vg - vguriev@gmail.com - (offshore US)
@herb - herbsawyer@gmail.com - (cant find num)
@hh - hirbehozo@gmail.com
?
@xp - rakeshxp@gmail.com
@dc - dave.cohen@gmail.com
@db - damienbasile@gmail.com
@qt - alanmajer@gmail.com
@pt - parkert@gmail.com
@teddy - ted@teddy.com
@block - bblock36@live.com
@molly - molly.reider@gmail.com
@email - support@dopushmail.com
@cookie - connie@techcrunch.com
@op - olgapavlova@gmail.com
@skid - ammon@mac.com
@tone - anthonyjburt@gmail.com
@cababge - cabbage@live.com
@confuse - ddos@live.com
@bruh - buxinha06@hotmail.com
@mime - mimevirus@gmail.com
@venom - venom666@gmail.com
@under - nuno.monteiro@gmail.com
@stand - stan.dyck@gmail.com
@if - rmontalbetti@hotmail.com
@clay - clayelliot@gmail.com
@tc - traviscrawford@gmail.com
@drown - lazarevski@gmail.com
@strict - f.rachello@gmail.com
@que - quintintarancnotes@gmail.coml
@pony - karina.guillot@gmail.com
@tiger - emily.balistrieri@gmail.com
@stamp - LisaStampnitzky@gmail.com
@window - windowsynder@gmail.com
@rope - petarbukvic@gmail.com
Panda - panda@martinstabe.com
Crip - crip_cmp@yahoo.com
Catz -  Text a code to my phone ending in +60123277091
Email a link to zam_adik@yahoo.com
Troll -  droolsec@gmail.com
Saturn - saturn@plemel.com
Name - namebooking@gmail.com
HK - yakko4141@yahoo.co.jp
LV - nick.joy@lv.com
XX - xx.xiewp@gmail.com
633X17 : 633633 : xmuh9
XXX - xxx@o0.cc
nig - tora_cube@yahoo.co.jp
Patch -  Text a code to my phone ending in +541161058059
Email a link to patch.argentina@gmail.com
Police - d.perez_3@hotmail.com
Italian - insidetwitter+italian@inside.com
Haxor -  Text a code to my phone ending in +19175737842
Email a link to bslatkin@gmail.com pw: bubba9
Bwa - irene.sferra@hotmail.it
Omari - floumina@hotmail.fr
fat - Text a code to my phone ending in +14159922796
Email a link to jacob.thornton@gmail.com
wot - wot@dharmafly.com
fag - fagner.boy11@r7.com
p44py / fbobh_&ye8
black - was_over_the_hills_and_far_auay@yahoo.co.jp
dead - fang_bloody@yahoo.com
doomed1 / blurstarxz208
96 - cybertek@hotmail.com
pw fuckoff1 / j169kt
billy.sean@hotmail.com=blade
user billiebladesz
pw vafumapu / conorbilly /
pussy - pussy@o0.cc
penis - Text a code to my phone ending in +4915112030957
Email a link to hilgner@t-online.de
bogerix pw
Grape - weinsaft2@hotmail.com
pw 1811pirate
tit - hayal_et_288@hotmail.com
debug - debug@dorst-emarketing.de
isp - ispergreece@yahoo.com
lost -  Text a code to my phone ending in +528661329202
Email a link to leo_lrl@hotmail.com
laura29 qfuk7
laura170980
T4WT2
laura30
n3vta
p5cuy
lost31980
vg8cr
leo202403
laura29
7yk4u
LOST341980
1780
leo - Text a code to my phone ending in +56963906438
Email a link to leorojas01@gmail.com
PR - loc.inf+_SanJuanPR@gmail.com
HBIC - jenniferyinyeung@gmail.com
weed -  tumastk@yahoo.com
o - jbagleyostk@gmail.com
op -  Text a code to my phone ending in +79219983510
Email a link to olgapavlova@gmail.com
tek - Text a code to my phone ending in +14156139201
Email a link to tobiaskemper@gmail.com
kek - jessikinhacg@hotmail.com
father -  father.awfulmusic@gmail.com
hell@o0.cc
3x_ -  davebug+baby@gmail.com (___)
Pope - Text a code to my phone ending in +15146881766
Email a link to p@live.ca
thot - relation@cursus.edu
your - your_k@yahoo.co.jp
DHTU9 / k3A6u
ita -margarita.tiene.mail@gmail.com
phone - andrew@net.com
ceo - YourFavwhiteguy+personal@gmail.com
VancityReynolds -  valleydrive4@aol.com
qe - gordon@connect12.com
yeyeye - tossmethatsquirrel@gmail.com
123mimi
grep - Text a code to my phone ending in +14087530522
Email a link to jarb@hush.com
sf - godblesssf@gmail.com
toss - ethgea@yahoo.co.jp
thewrap -  Email a link to andrew.curry+twitter@thewrap.com
Email a link to social@thewrap.com
drama - drama_dvd@gkopu.com
father -  father.awfulmusic@gmail.com
squad - porsche1982_911sc@yahoo.com
jthsb8nh
tit - hayal_et_288@hotmail.com
lam - lam@re4k.info
pest - Text a code to my phone ending in +4915157956360
Email a link to nl-pest@gmx.de
test - test@botpeople.com
tor - Text a code to my phone ending in +4793865715
Email a link to tor@norgespost.no
FranPlaysHalo - qtiefrancine@aim.com
Bitcoin - Text a code to my phone ending in +14159006499
Email a link to handle@jeredkenna.com
ChillySosa - Text a code to my phone ending in +19095655718
Email a link to captintakeyohoe@aol.com
Lilfacetatt - Text a code to my phone ending in +14159177898
Email a link to ashleyalldaaay@gmail.com
SuicideChrist - Text a code to my phone ending in +19852649349
Email a link to scotaymusic@gmail.com
lamessican@icloud.com
Pouyalilpou  - Email a link to pouyabeats@gmail.com
Email a link to kevinpouya@aol.com
Bass - reytatin@yahoo.com
o06 - visual.kei.93@hotmail.com
strify20
95n - Interstate95N@gmail.com
158 - complicadas_@hotmail.com
200 - psalms40@gmail.com
465 - opopo2003@hotmail.com
a78 - agungdarma@yahoo.com
acid - flymoon812@hotmail.com
ak47 - adexmichael@ymail.com
almost - tmarlow@urbanout.com
already - iteitherthisprison@yahoo.com
american - american411@gmail.com:032@hanmail.net
anarchy - anarchy.ftv@gmail.com
ant - anthonycitrano@gmail.com
antichrist - cyphalon@hotmail.com
attend - twitter_attend@commentag.com
audemars - beck7295@aol.com charles sabo
a_ - AyieshaLinton@yahoo.ca
bad - petar.popov@gmail.com
baddest - daddy_wreck@yahoo.com
bape - hj.ebayer@googlemail.com
based - thankyoubasedgawd@outlook.com
bedtime - theshow@zefrank.com
bend - bendiebold@yahoo.com
beware - nuclearwasteaerobics@gmail.com
biggie - lunchinabox@gmail.com
biker - zslavitz@gmail.com
black - was_over_the_hills_and_far_auay@yahoo.co.jp
blessed - cistel@inbox.com
bloods - brodycottreau@hotmail.com
boolin - bolin19861986@hotmail.com
bruh - buxinha06@hotmail.com
buckle - buckarooh@gmail.com
bum - amover@gmail.com
caution - west_ca@telus.net
cease - christinajsc313@hotmail.com
cloak - rorro-06@hotmail.com
closed - gavazzap@hotmail.it
codeine - the.sick.girl@gmail.com
connected - haniara@gmail.com
coon - cooncn@gmail.com
creeper - smkingpins+creeper@gmail.com
dead - fang_bloody@yahoo.com
destroy - bderoch@mts.net
disaster - kyle.watson@bigpond.com
dracula - tdracul@gmail.com
drove - drove23@hotmail.com
dying - william_iverson_02@msn.com
eud - the_stimulator2000@hotmail.com
ezo - g_ezo@yahoo.com
f8l - pskm1@sbcglobal.net
fiend - fiend.ludwig@gmail.com
finesse - mikemakedoe@aim.com
fire - firetwit@gmail.com
flows - flowshoes1337@hotmail.com
fogs - fogden@gmail.com
freak - freak80mc@yahoo.com
frozen - tomhjackman@gmail.com
gamecube - tamicamccullough@yahoo.com
ganggang - wolfgangdiel@gmx.info
glogang - nikolay-volkov21@mail.ru
goodgirl - the_goodgirl_13@hotmail.com
goon - rihitotaiga@yahoo.co.jp
grey - m@greyisgood.eu
hacker - cinefilo@gmail.com
headass - shadlamarmurray@yahoo.com
hermit - grim@aol.com
homo - hossein.madani@ymail.com
horny - fantasia_love_pink@hotmail.co.uk
hotty - brittany.mcintosh@hotmail.com
houston - loc.inf@gmail.com
iced - iced_2.0@hotmail.com
idfc - metalrocker597@aol.com
immortal - christophergreenca+immortal@gmail.com
jim - jimctc08@gmail.com
jjjjjj - dannythemidgets_house_of_ass@hotmail.com
jlmmy - jlmmy@gmx.de
joog - joog04@hotmail.com
k - kc@kevnull.com
kangaroo - alexevanderkang@gmail.com
kanye - rdoucetjr@gmail.com
kek - jessikinhacg@hotmail.com
kill - kill@whosgoing.com
kkkk - evvoialyn@hotmail.com
kronos - dsadsa@gmx.de
leaned - leanedrysdale@yahoo.com
link - pressepapier@gmail.com
lost - leo_lrl@hotmail.com
luigi - ldromero@gmail.com
lul - keating.jennifer.a@gmail.com
master - master@outlook.com
mckain - mc_kain@myspace.com
medusa - testasdfsgdsf@yahoo.com
myth - g6isnotevenamyth@gmail.com
n0 - number0@tlen.pl
n95 - kunukn@hotmail.com
neptune - neptune@plemel.com
OoOo - i_love_ya_always@hotmail.com
painful - cafermd@gmail.com
password - adrianstone25@yahoo.com
peewee - vanwetten@hotmail.de
percocet - purkett3160@msn.com
phone - andrew@net.com
pikachu - higanakasan@yahoo.co.jp
pirate - ushadle@gmail.com
plague - i_fought_the_jelly@yahoo.com
prodigy - prodigk@hotmail.com
pry - nvazquez@pry.org
psycho - two-face@live.fr
radiance - jaydillonc@aol.com
rexy - rexy+rexy@8495523.com
ricosuave - rodriguesr@wwdb.org
sadgirl - snoopy800301@yahoo.com.tw
satanic - plasticpower@hotmail.com
seized - callahanmarge@yahoo.com
shatter - shatter98@hotmail.com
shenron - tracy.ling@yahoo.com.tw
shotgun - alex.shotgren@gmail.com
sike - yoohoo@hotmail.com
silence - @dawancha.com
smitten - loveisarole@yahoo.com
snack - snack@hdex.com
snake - jacobportrait@me.com
sneaker - cengiz.simsek@gmx.de
sniff - elm.o@hotmail.com
son - son001@gmail.com
soulja - soulja_boi2011@yahoo.com
spectre - pecourtejoie@gmail.com
speds - slpederson@gmail.com
spit - spit__@hotmail.com
squeal - skellifairy@yahoo.ca
star - kooh123@gmail.com
stripper - yourfavwhiteguy+stripper@gmail.com
stupid - ansirk@gmail.com
sweetie - princesstelly23@aol.com
test - test@botpeople.com
tooka - cairns.tony@gmail.com
torture - chuli_jr@yahoo.com
triplesix - csay@qwest.net
tryhard - sbulamu@yahoo.co.ug
unholy - dulce.muerte@gmail.com
v3 - v_3imoet@yahoo.com
vampire - thevampirediariesbrasil@hotmail.com
victim - npfork+victim@gmail.com
vil - mr.alvil.singh@gmail.com
vvvvvvvv - vecrowther@hotmail.com
wanted - irene-904@yahoo.com.tw
weed - tumastk@yahoo.com
weirdo - sofakinggawjus@yahoo.com
wl - leibzon@gmail.com
zzz - cye.young.1@gmail.com
x0 - herniix0@aim.com
8y - oatmealpie@aol.com
mw3 - mw3tweets@aol.com Mw Tweets name on aol
loudest - debashismitra@gmail.com
Twitter: @black
Email: was_over_the_hills_and_far_auay@yahoo.co.jp
Twitter: @goon
Email: rihitotaiga@yahoo.co.jp
  Note: Create Email w/ Japanese captcha use http://www.lexilogos.com/keyboard/hiragana.htm
Twitter: @destroy
Email: bderoch@mts.net
Security Question: What was the name of your first pet?
Twitter: @snake
Email: jacobportrait@me.com
Phone: +15037014516
Twitter: @Beware
Email: nuclearwasteaerobics@gmail.com
Twitter: @plague
Email: i_fought_the_jelly@yahoo.com
Twitter: @torture
Email: chuli_jr@yahoo.com
Phone: +17737933287
Recovery Email: c**********or@aol.com
Twitter: @hacker
Email: cinefilo@gmail.com
Money.Strands.com - username: cinefilo firstname: Luis lastname: Pérez Alcaide email: cinefilo@gmail.com Real_Password: lbdrya7646 hash: ae5327523e1115c3bf0e49d21078a4f9 last_login: 2008-12-14 05:13:42 register_date: 2008-12-14 05:13:42
Twitter: @fire
Email: firetwit@gmail.com
Twitter: @ant
Email: anthonycitrano@gmail.com
Twitter: @ak47
Email: adexmichael@ymail.com
Twitter: @disaster
Email: kyle.watson@bigpond.com
Twitter: @unholy
Email: dulce.muerte@gmail.com
Password: folker
NexusMods_5.9M_2013.txt - 4011982:marlona:dulce.muerte@gmail.com:004f9ed6b671dcffa165b70115256ba7:]^\'[x
Twitter: @fiend
Email: fiend.ludwig@gmail.com
Twitter: @shenron
Email: tracy.ling@yahoo.com.tw
  Phone: 09 ** ** Please enter the number 5 after missing a digit  Please enter the number 3 after missing a digit  02 Send
     Email: shenrong@hotmail.com
      Recovery:
          Email: ni*****@163.com
    Text: *********13
     Email: shenron@msa.hinet.net
Twitter: @finesse
Email: mikemakedoe@aim.com
Twitter: @immortal
Email: christophergreenca+immortal@gmail.com
Twitter: @Radiance
Email: jaydillonc@aol.com
ScufGaming -  username: jaydillonc displayname: jaydillonc email: jaydillonc@aol.com hash: b664de559d743e95f284e315e92c64d8 == fze15fr51
Twitter: @Neptune
Email: neptune@plemel.com
Twitter: @Satanic
Email: plasticpower@hotmail.com
Forum.Interpals.net_vb_blowfish_November_2015.txt madelinejuana:plasticpower@hotmail.com::2d140febb0828215bd2aa4118fff271c ~fD:legacy
Twitter: @Master
Email: Master@outlook.com
  Recover: kn*****@gmail.com
lbsg.net - Encryption method for passwords: MD5 username: xxsniperzfierdxx email: master@outlook.com Real_Password: minecraft hash: 98eb470b2b60482e259d28648895d9e1
lbsg.net - Encryption method for passwords: MD5 username: M4ster0653_br email: master@outlook.com Real_Password: 12345m hash: 1a7b45ec4c0661b31f3e0cf2f2738d10
Twitter: @Blessed
Email: cistel@inbox.com
Twitter: @antichrist
Email: cyphalon@hotmail.com
NexusMods_5.9M_2013.txt 2376554:Danceto:cyphalon@hotmail.com:cb45d5666021428683201ad10d8cecd9:[5~.z
Twitter: @myth
Email: g6isnotevenamyth@gmail.com
Twitter: @Disciple
Email: bricksquad@outlook.com
Phone: +13392060060
Twitter: @kill
Email: kill@whosgoing.com
Twitter: @pikachu
Email: higanakasan@yahoo.co.jp
Recovery Email: pi********@g********
Needs DOB
Twitter: @lost
Email: leo_lrl@hotmail.com
Phone: +528661329202
Twitter: @houston
Email: loc.inf@gmail.com
Twitter: @1k
Email: parfeniff@connect12.com
Twitter: @5k
Email: 5k@corazonlabs.com
Twitter: @6k
Email: llseesawll@ybb.ne.jp / yahoo.com.jp
Twitter: @wanted
Email: irene-904@yahoo.com.tw
Twitter: @Phone
Email: andrew@net.com
Twitter: @sadgirl
Email: snoopy800301@yahoo.com.tw
Twitter: @enjajaja
Email: ihaveanunclebob2@hotmail.com
Twitter: @emgreer
Email: angelaholland69@yahoo.co.uk
Twitter: @squeal
Email: skellifairy@yahoo.ca
Twitter: @158
Email: complicadas_@hotmail.com
  Recovery: Email e3*****@gmail.com Text ********79
Twitter: @Smitten
Email: loveisarole@yahoo.com
Twitter: @3a
Email: tf@connect12.com
Twitter: @idfc
Email: metalrocker597@aol.com
Twitter: @goodgirl
Email: the_goodgirl_13@hotmail.com
Phone: +381643973734
Twitter: @a_
Email: AyieshaLinton@yahoo.ca
  Recovery Email: g**********ws@yahoo.com
  Recovery Email: ayieshal@hotmail.com
   Recovery: Email ga*****@yahoo.com Email ni*****@gmail.com
Twitter: @sniff
Email: elm.o@hotmail.com
Twitter: @95
Phone: +8613910685043
Twitter: @baddest
Email: daddy_wreck@yahoo.com
Twitter: @465
Email: opopo2003@hotmail.com
Recovery: Email e3*****@gmail.com Text ********79
Twitter: @vampire
Email: thevampirediariesbrasil@hotmail.com
Team TVDBR:thevampirediariesbrasil@hotmail.com.br:189.73.233.227:fogonactbc23
Twitter: @sike
Email: yoohoo@hotmail.com
Twitter: @drove
Email: drove23@hotmail.com
Vedran:drove23@hotmail.com:31.223.223.112:vedi2103
Vedran:vedro_m@yahoo.com:80.242.121.136:vedi2103
Spellforce.com - Encryption method for passwords: Vbulletin username: chesterbl Real_Password: vedi hash: 95febc592d373cc7adb7c3b239089f43 email: drove23@hotmail.com register_date: 1209301339 last_login: 1209301912 birthday: 03-03-1984 ipaddress: 80.242.121.136 salt: -:b
Phone: +491701817309
Twitter: @Psycho
Email: two-face@live.fr
Twitter: @spit
Email: spit__@hotmail.com
Twitter: @OoOo
Email: i_love_ya_always@hotmail.com
Twitter: @bruh
Email: buxinha06@hotmail.com
Twitter: @FLOWS
Email: flowshoes1337@hotmail.com
Twitter: @Bloods
Email: brodycottreau@hotmail.com
Twitter: @4k
Email: vladimir.archers@gmail.com // connected to account
owns: vladimirlosinsky@gmail.com
skinbox.net Encryption method for passwords: IPB username: vladvlad email: vladimir.archers@gmail.com ipaddress: 78.106.253.106 hash: 55d476ccad3946dd13b5d967cce1f407 salt: b~[eh
Twitter: @KKKK
Email: evvoialyn@hotmail.com
Twitter: @sweetie
Email: princesstelly23@aol.com
Twitter: @83
Email: galenhawhiskey@hotmail.com
Recovery: Email fi*****@hotmail.com Text ********66
Twitter: @iced
Email: iced_2.0@hotmail.com
Twitter: @73
Email: 73stereo@gmail.com
Twitter: @1s
Email: frizb555@aol.com
Twitter: @n95
Twitter: @Alright
Email: quetecallenotedichounalgo@hotmail.com
Twitter: @n4
Email: neerajtesting.neerajtesting@gmail.com
  Also owns: neerajwebdesigner@gmail.com
Phone: +0112827182
000webhost.com.txt neeraj:neerajwebdesigner@gmail.com:114.69.255.53:neeraj1000
Twitter: @closed
Email: gavazzap@hotmail.it
Twitter: @cloak
Email: rorro-06@hotmail.com
Twitter: @prodigy
Email: prodigk@hotmail.com
Twitter: @v3
Email: v_3imoet@yahoo.com
Phone: +6285746000391
08**-****- Enter 2 missing digits at index 4 from end _ _  91
  Also owns email: safitri1404@gmail.com
Forum.Interpals.net_vb_blowfish_November_2015.txt: safitri1404:safitri1404@gmail.com::931671f6e8c0a1df617876dd2c6fe176 %E2:legacy
Twitter: @v_v
Email: vicrier@qq.com
7k7k.com  username: vicrier@qq.com Real_Password: ilovexy
Dodonew.com username: guxiangdeyun009 email: vicrier@qq.com Real_Password: yun009
Twitter: @shotgun
Email: alex.shotgren@gmail.com
Twitter: @68
Email: fainas@actinium.com
Twitter: @star
Email: kooh123@gmail.com
Twitter: @kanye
Email: rdoucetjr@gmail.com
NeoPets: username: yossarien email: rdoucetjr@gmail.com ipaddress: 68.159.31.231 Real_Password: ak0047 birthday: 1991-01-15
Twitter: @freak
Email: freak80mc@yahoo.com
Twitter: grey
Email: m@greyisgood.eu
Twitter: @spectre
Email: pecourtejoie@gmail.com
Twitter: @fogs
Email: fogden@gmail.com
gmaildb fogden@gmail.com:emilei
Twitter: @4k
Email: vladimir.archers@gmail.com // connected to account
owns: vladimirlosinsky@gmail.com
skinbox.net
Encryption method for passwords: IPB
username: vladvlad
email: vladimir.archers@gmail.com
ipaddress: 78.106.253.106
hash: 55d476ccad3946dd13b5d967cce1f407
salt: b~[eh
Twitter: @Beware
Email: nuclearwasteaerobics@gmail.com
Twitter: @plague
Email: i_fought_the_jelly@yahoo.com
Twitter: @torture
Email: chuli_jr@yahoo.com
Phone: +17737933287
Recovery Email: c**********or@aol.com
Twitter: @hacker
Email: cinefilo@gmail.com
Twitter: @fire
Email: firetwit@gmail.com
Twitter: @ant
Email: anthonycitrano@gmail.com
Twitter: @ak47
Email: adexmichael@ymail.com
Twitter: @hacker
Email: cinefilo@gmail.com
Twitter: @disaster
Email: kyle.watson@bigpond.com
Twitter: @unholy
Email: dulce.muerte@gmail.com
Twitter: @fiend
Email: fiend.ludwig@gmail.com
Twitter: @shenron
Email: tracy.ling@yahoo.com.tw
  Phone: 09 ** ** Please enter the number 5 after missing a digit  Please enter the number 3 after missing a digit  02 Send
     Email: shenrong@hotmail.com
      Recovery:
          Email: ni*****@163.com
    Text: *********13
     Email: shenron@msa.hinet.net
Twitter: @finesse
Email: mikemakedoe@aim.com
Twitter: @immortal
Email: christophergreenca+immortal@gmail.com
Twitter: @triplesix
Email: csay@qwest.net
Twitter: @Radiance
Email: jaydillonc@aol.com
Twitter: @Neptune
Email: neptune@plemel.com
Twitter: @Satanic
Email: plasticpower@hotmail.com
Twitter: @Master
Email: Master@outlook.com
Twitter: @Blessed
Email: cistel@inbox.com
Twitter: @antichrist
Email: cyphalon@hotmail.com
Twitter: @myth
Email: g6isnotevenamyth@gmail.com
Twitter: @Disciple
Email: bricksquad@outlook.com
Phone: +13392060060
Twitter: @kill
Email: kill@whosgoing.com
Twitter: @pikachu
Email: higanakasan@yahoo.co.jp
Recovery Email: pi********@g********
Needs DOB
Twitter: @lost
Email: leo_lrl@hotmail.com
Phone: +528661329202
Twitter: @houston
Email: loc.inf@gmail.com
Twitter: @1k
Email: parfeniff@connect12.com
Twitter: @5k
Email: 5k@corazonlabs.com
Twitter: @6k
Email: llseesawll@ybb.ne.jp
Twitter: @wanted
Email: irene-904@yahoo.com.tw
@vampire                          We found the following information associated with your account.                                                                            Email a link to thevampirediariesbrasil@hotmail.com
@blaze We found the following information associated with your account. Text a code to my phone ending in +14087841644 Email a link to blazestrang@gmail.com
@u7 - como_ume@yahoo.co.jp
@j0 - joanacunha88@hotmail.com (#/SQ)
@j9 - janine_humphreys@hotmail.com (#)
@hs - conpane2014@yahoo.co.jp
@v9 - valdivia9@yahoo.com (Gmail)
@x8 - x89macne@yahoo.co.jp
@z4 - slund@hotmail.co.uk (#)
@qp - antempo@yahoo.com (SQ)
@1e - leonardo.trasande@gmail.com (#)
@0o - snlaura@yahoo.com (Yahoo)
@0t - zula.p@stream11.com
@0r - 0r5xOn@gmail.com (#)
@96 - cybertek@hotmail.com (#)
@Phone andrew@net.com
@kanye rdoucetjr@gmail.com
@lonely nonperfection@gmail.com
@leg liuengeng@gmail.com
@lost +528661329202 leo_lrl@hotmail.com
@Javascript chenosaurus+js@gmail.com
@xp - rakeshxp@gmail.com
@dc - dave.cohen@gmail.com
@db - damienbasile@gmail.com
@qt - alanmajer@gmail.com
@pt - parkert@gmail.com
@teddy - ted@teddy.com
@block - bblock36@live.com
@molly - molly.reider@gmail.com
@email - support@dopushmail.com
@cookie - connie@techcrunch.com
@op - olgapavlova@gmail.com
@skid - ammon@mac.com
@tone - anthonyjburt@gmail.com
@cababge - cabbage@live.com
@confuse - ddos@live.com
@bruh - buxinha06@hotmail.com
@mime - mimevirus@gmail.com
@venom - venom666@gmail.com
@under - nuno.monteiro@gmail.com
@stand - stan.dyck@gmail.com
@if - rmontalbetti@hotmail.com
@clay - clayelliot@gmail.com
@tc - traviscrawford@gmail.com
@drown - lazarevski@gmail.com
@strict - f.rachello@gmail.com
@que - quintintarancnotes@gmail.com
@pony - karina.guillot@gmail.com
@tiger - emily.balistrieri@gmail.com
@stamp - LisaStampnitzky@gmail.com
@window - windowsynder@gmail.com
@rope - petarbukvic@gmail.com
@x0 - herniix0@aim.com
@1s - frizb555@aol.com
@8y - oatmealpie@aol.com
@MW3 - mw3tweets@aol.com
@Eww - ewaeo@aol.com
@center - centercat@aim.com
2 Chars!
--------------------------------
@3i - illy1991@hotmail.it (#)
@3e - charlene_xi@hotmail.com (SQ)
@u7 - como_ume@yahoo.co.jp
@j0 - joanacunha88@hotmail.com (#/SQ)
@j9 - janine_humphreys@hotmail.com (#)
@hs - conpane2014@yahoo.co.jp
@v9 - valdivia9@yahoo.com (Gmail)
@x0 - herniix0@aim.com
@x8 - x89macne@yahoo.co.jp
@z4 - slund@hotmail.co.uk (#)
@qp - antempo@yahoo.com (SQ)
@1e - leonardo.trasande@gmail.com (#)
@0o - snlaura@yahoo.com (Yahoo)
@0t - zula.p@stream11.com
@0r - 0r5xOn@gmail.com (#)
@96 - cybertek@hotmail.com (#)
@83 - galenhawhiskey@hotmail.com (Hotmail)
@57 - wenchi1003@hotmail.com (#)
@PL - phil.lindsay@gmail.com
@1s - frizb555@aol.com
@v3 - v_3imoet@yahoo.com (#)
@e8 - emmanuel.chemla@yahoo.com (#)
@8y - oatmealpie@aol.com
@35 - sangomac@yahoo.co.jp
@or - Sebastianz123@yahoo.com
@5e - 5einfodieta@gmail.com (#)
@5z - snsabrams@yahoo.com (#)
@7o - mygoogle50@yahoo.com (Yahoo)
@7d - 7dtwitter@gmail.com (Gmail)
@7x - smswrg51@yahoo.com (#)
@F_ - sig_p239@hotmail.com (#)
OG/Semi Words!
-------------------------------
@MW3 - mw3tweets@aol.com
@Eww - ewaeo@aol.com - Liz Wilson
@Pee - jellybeans_p@yahoo.co.jp
@RIU - matias-fer2011@hotmail.com (Hotmail)
@Logout - twitter5@hamachiya.com
@toe - sueayley@hotmail.com (SQ)
@sike - yoohoo@hotmail.com (AOL)
@center - centercat@aim.com
@password - adrianstone25@yahoo.com (?)
@nonce - nonce_ruth@yahoo.com (#)
@Willy - jcwilb@yahoo.com (#)
@same - missiteen.1@hotmail.com (#)
@wall - Walmerson@gmail.com (#)
@wing - wing.tsui@yahoo.com (Gmail)
@porn - lakemaker@yahoo.com (#)
@son - sonCTK@gmail.com (SQ)
@freak - freak80mc@yahoo.com (SQ)
@welp - wilmersoy@hotmail.com (Yahoo)
@lit - LastInfoTech@gmail.com (Gmail)
@Army - aryavanyoga@yahoo.co.id (SQ Bali)
@Prison - ponderzone@yahoo.com (AOL)
@Belief - cbeyond11@aol.com
@fumes - kulumbooffo@aol.com
@903 - cck903@yahoo.com
@897 - trishamagtibay@yahoo.com
@900 - 900@mail.com
twitter 1 database:
PASTEBIN
new paste
trends
Guest User
-
SHARE
TWEET
Untitled
a guest Jan 12th, 2018 38 Never
Not a member of Pastebin yet? Sign Up, it unlocks many cool features!
rawdownloadcloneembedreportprint text 33.68 KB
Lmh / webmaster@LMH.de
CTv / video@cchsctv.com
TO7 / barlow_tommy@yahoo.com
Kur / mikio@kur.jp  Mikio Kiur
mzS / melissastollman@gmail.com
wKu / wku@wku.edu
Bxk / bkinard@cbcc.us  Beth Kinard
jha / junamuan@gmail.com
diZ / manusconaghan@hotmail.com
4O0 / iqmalik@gmail.com
xsB / xsb@i.softbank.jp
94O / d.andryukh@mail.ru
r3Q / linda.chero@gsa.gov
pil / pluedtke@gmail.com
x96 / corey@x96.com
NXw / nXw_barbie@hotmail.com
fF7 / info@ff7.nl
vHE / vhe@scarlet.be
q60 / moniquedenbraven@gmail.com
e3k / eric@mediaplatforms.ca
Kur / mikio@kur.jp
zVi / zvi.shmuel@gmail.com
9et / roger.fisher@indigital.net
3cK / tryckgt@gmail.com
Ick / icknoble@gmail.com
uTA / twitteruTA@gmail.com
9Fs / chintan@indiainfoline.com
iAk / twitter@iak.nl
sGW / 9mm@dr.sub.jp
Qd4 / qdenyssen@gmail.com
IzP / 4info@list.ru
MN9 / mn99nm@hotmail.com
wji / office@worldji.com
vdE / vandeee@gmail.com
cMR / erstkontakt@hotmail.com
TpI / g.gambino@tpi.it
K83 / kathymiller99@hotmail.com
97N / jamie@jamielillie.com
OE8 / darrenoe8@hotmail.com
Nzw / nzwarner@gmail.com
P4R / tim@paddle4relief.co.uk
k1D / holy_w1ngs@yahoo.com
oHP / john@openhouseparty.com
xAT / admin@xat.com
mtw / news@montrealtechwatch.com
nPk / kids@npcc.cc
FLP / felipe-eduardo@hotmail.com
kIf / kifkif@gmail.com
aVH / arthur.van.hoff@gmail.com
A5k / ahmetbesk@gmail.com
KuR / mikio@kur.jp
oKW / olaf.witkowski@gmail.com
cUj / CUj4life@HOTMAIL.COM
U1i / uli@hotmail.com
Gv2 / gabriel.nunes@hotmail.com
SXB / sxb@us.ibm.com
gHJ / guri.hjeltnes@bi.no // asbjorg09
tEZ / tezera.mengestu@gmail.com
CDp / twitter@cdp.net
Evs / evschoemaker@gmail.com // Elliot V. Schoemaker
xE8 / danielle.jasmine@gmail.com
fZU / fzu@gmx.de
P7u / p.hanes62@gmail.com
Gvx / gvx_gt@hotmail.com
PCZ / pczen@gmail.com
z4N / max@z4n.fr
WIi / wii@mail.utexas.edu
rcu / rcu@university.com
iRp / irealtyp@gmail.com
_Zb / zumbansen@gmail.com
kUR / mikio@kur.jp // okimi1124
U91 / u.arango@yahoo.com
PBa / pa@pa.cz
V64 / j@hnvea.ch
XGD / xgd@streamyx.com
maZ / maz.spam@gmail.com
dsn / comunicacion@dsn.presidencia.gob.es
lCD / lcd@neuf.fr
HZz / hzz@rambler.ru
qjB / jeremy@bankpak.com
1cr / chris.ray@live.co.uk
0IB / 0lb@0-i.biz
vb0 / vincent.bryant@gmail.com
LsC / laurent.chen@pegways.com
WP2 / carl.niklasson@gmail.com
rWU / matt@remain.com
IQh / nuratiqah2@gmail.com
ncN / ncnblog@gmail.com
HJS / suermondt@gmail.com
Zbl / zanelaney@yahoo.com
O0W / jonathas123@hotmail.com
gHq / george@ghq.com
IBG / ian@ianlondin.com
pz4 / pz4@aol.com
eHo / mail@ephraimhohn.com
gbX / speed@gbxshoe.com
uQ2 / ursula@yahoo.com
E8n / junk@pluth.net
h2t / h2t@outlook.com
Dh2 / dhanson@yahoo.com
CGt / sp-comunicacion@cgt.org.es
7Vg / 7vg@mail.ru
Tdz / tdz@dgzoo.com // Enuging1982
xyB / xieyanbo@gmail.com (xiaoxie = last password on gmail, answer security question)
XoZ / ozmen@kth.se
Fb7 / francis@hotmail.com
JKf / kamio.joseba@gmail.com
BrH / ehintze@slc.edu // rooster13 (password change required)
GJ2 / gjackson@yahoo.com
hGb / hollie@btinternet.com
jRi / jason.richards@kentcountymi.gov
rk2 / luisalbert@hotmail.com
1KD / press@1000days.net
wxg / info@kvsc.org // kvsc881
jg4 / jgasper@yahoo.com (account is fucked, can't login or re-create)
zlp / zack.piotrowski@gmail.com
7Hq / info@7hq.net
KxB / kxb@live.com
qbP / jacob.piotrowski@gmail.com
faC / frandy123@hotmail.com
uQ7 / uq7@hotmail.com
UAf / info@uaf.org.uk
9Uz / g.uzman@hotmail.com
6ka / yajaira@hotmail.com
kAU / twitter@kau.se //
3rd / jim@idc.edu
Mi6 / mi6@mailueberfall.de (can't login to email service)
cHQ / webmaster@ciweb.org
bT1 / robertsoares@gmail.com
ofU / p_pey@yahoo.com
EL7 / el7even@gmail.com // maxwell7
ja0 / jeffrey.omo@me.com
Orf / socialmedia@orf.at
v2z / vincent@gmail.com
FdL / forajidos@gmail.com
vbA / vba@forenede.dk
ZGh / gherari@hotmail.com
nTq / quangvinh1705@yahoo.com
LTt / twitter@norfolktastesgood.com
rTi / info@rti.fm    PASS > 06june1954
MBv / miguelboavida@mac.com    PASS > bubbles42mara
Uaz / uazzettina@hotmail.com    PASS > 14agosto
ejd / ejdevinney@gmail.com PASS > maggie786
kbu / kelly.bucher@gmail.com PASS > allforyou
APw / antoine.poignant@gmail.com
5US / susanprior@me.com
ehQ / ehl.net@gmail.com
iPO / webmaster@ipo.org
1GB / khaledachkar@hotmail.com
hlv / hotellimavitor@hotmail.com
lXd / lxdlxd@163.com
23j / mrniterida@yahoo.com
HaW / haw@gmx.de
DFc / webmaster@denverfirstchurch.com
mXz / twittermxz@gmail.com
CzJ / clement.joubert@gmail.com
qkV / joy@liveintoday.com
yVR / yvr@vancouverair.com
HN5 / hn5hn@hotmail.com
KME / ebertkyle@gmail.com
GCM / gcm5000@mac.com
f5E / mattbabayan@aol.com
bLc / clark.brittany@gmail.com
z1s / lgoff9@gmail.com
syb / sebastian.malcolm@gmail.com
il4 / ilchenko4@gmail.com
PlS / parejitalifestyle@gmail.com
pdV / pvassel@gmail.com
CJD / cjd@live.co.za
FnI / footballnewsindia@yahoo.com
MXc / mcuringa@adelphi.edu
Xiz / 549609654@qq.com
Uvd / u.viertmann@uvd.de
bQk / b@bqk.no
fQ7 / twingerberg@yahoo.com
vfC / teresa@vfministries.com
e4g / social@engineering4g.com
4mx / max@4k4.de
wuu2 / laura.eddy@yahoo.com
pickaxe / pickaxe@esmcity.de
hardware / andro_sayno@yahoo.com andro sayno
plaintiff / plaintiff@comcast.net
dividend / danreagan88@gmail.com Dan Reagan
reflection / reflection@mirrorseye.net
argument / loktionovvadim@gmail.com vadim loktionov
patent / steve@bnip.com
devote / hi@devote.fm
reliable / terrisabins@gmail.com Terri Sabins
sausage / sausage@gmail.com
escape / rocco@esca.pe
inhabitant / henning.schwandt@googlemail.com Henning Schwandt
network / info@getnetwork.co
economy / twiteconomy@gmail.com
purpose / twitter@purpose.com
maximum / maximum@ukr.net
perception / perception2@msn.com Thomas Jømne
shatter / shatter98@hotmail.com sean olson
invasion / twitter@invasion.com
unanimous / sean@unanimouscreative.com
instinct / bill@instinctmarketing.com
harvest / danny@getharvest.com
thought / twitter@thought.is
proportion / design@proportionlondon.com
cattle / webmaster@cattle.de
stereotype / leosierek@gmail.com Leo Sierek
sensitivity / natscoones@gmail.com Nat Scoones
inspiration / info@inspirationcruises.com
problem / frankie@problem.tv
momentum / matt@momentumbuilders.com.au Matt Joswick
jacket / jacketwen@163.com
pardon / hannah@pardonhannah.co.uk
ignorant / nkagrawal@gmail.com Naveen K Agrawal
leftovers / deanlassalle@gmail.com dean lassalle
habitat / contacte@adminhabitat.es
neighbour / shane.cunningham@ft.com Shane Cunningham
plagiarize / ryanacheson@yahoo.com Ryan Acheson
SKC / sean@pegara.com
J0p / j0p@pol.pt
uqA / komori@ark-web.jp
Twn / tommy@nordeng.no
tnZ / martijn@ffwd.digital
umy / umesh.patel@gmail.com
ZQ6 / zhuqiong@vip.sohu.net
Lfa / howie@lookingforadventure.com
ARQ / arcadioquijada@gmail.com
JXM / joel.mikesell@yahoo.com
gPd / gpdambra@gmail.com Gianpaolo D'Ambra
RoS / fernando@ros.cc
OCg / twitter@onlinecommercegroup.com
7n2 / arvindbhanushali@yahoo.com bhanushali arvind
BiA / bia.carathanasis@gmail.com Bia Carathanasis
2lr / jean@2lr.org
Wp1 / wp1@sapo.pt
cq5 / juliomaldonado@gmail.com Julio C. Maldonado
RBc / socialmedia@RBc.com
zQq / quanquan_417@hotmail.com PASS : 521025
QP_ / larsweibel@web.de
kEv / kprichard@gmail.com
Wjo / wjo@cinci.rr.com
dUR / durlabh@yahoo.com
wFq / sshahimi@hotmail.com
k0B / kristinobrien2@gmail.com
2Lm / silviarusnac@yahoo.com
My5 / hello@myfive.com
E2r / vickiavil@aol.com
cjh / hubing@gmail.com
LI5 / luke.inman@thomasmore.edu
Lwg / lauren.glass@yahoo.com
CUd / cud@coldmail.com
akT / twitter@aktenterprises.com
dF1 / dan.frommer@gmail.com
d3n / denis.l@hotmail.com
R8p / rische-imoet@yahoo.com (cant make)
hGx / helengreen@yahoo.com
4WO / agungwidodo49@yahoo.com
ZJN / zjnoah@yahoo.com
I61 / contact@i61.church
0dz / haroldcanlas@yahoo.com
HyJ / hyhyj@163.com
hw9 / hwhite9@yahoo.com HARRY WHITE
gNw / graphnetwork@gmail.com
ZcW / zoewilkinson@hotmail.com
t54 / tamaradecarlo@aol.com
6nb / natbourgon@rogers.com
VdG / vd.g@hotmail.com
xWK / audaciadangereyes@gmail.com
LNv / lnv123@yahoo.com Lauren VanMeter
bHq / brandhypequotient@gmail.com
jQ1 / jonquil1@hotmail.com
iXl / ixl@hotmail.co.uk
DZE / dzekabrist@gmail.com
WJI / office@worldji.com
9cP /  caroline.slagle@hotmail.co.uk 
3vQ / 3_vq@yahoo.com shanfeiki purnomo
gsQ / glgellman@aol.com
nBI / sergey@nbi.me
rGu / rishigupta.51@gmail.com
v2u / v2u@comporium.net
ye2 / nbdimapilis@yahoo.com
iVm / info@InfiniteVisionMedia.com
vEH / juha@tormanen.net
_y4 / opposhop@gmail.com
PZc / pzc@mcat.nl
yNZ / ynz@ofir.dk  : sariska <<<<<<<<<<<<<<< PHONE NUMBER
4ER / bob@4er.org
9VJ / viraj.chinchwade@gmail.com
yG3 / yalgee@gmail.co
7F5 / webbscotty50@yahoo.com
uUc / admin@uuc.edu
KTy / kristina@veard.net kristina tomaz-young
VLQ / vquoss@yahoo.com
kdZ / ricardo.pedrosa@msn.com
uc3 / info@uc3.com
KH9 / kh_9@hotmail.com
E5Z / ezzah@tv3.com.my <<<<< pws0052  (LOCKED)
pLs / parejitalifestyle@gmail.com
Wbc / bobby@wbc.co.uk
39G / mirandataylor@live.co.uk
f9u /  f9u@me.com
5Ty / timabbott@yahoo.com
gfr / rohling@eseeds.com : twitterlib2me
memorial / railroadmemorial@gmail.com
pepper / danielp1@gmail.com
fXw / fxwojcik@hotmail.fr
alive / aliveagency1@gmail.com
result / alexa-brandt@result.de
mislead / rmspencer63@gmail.com
sfy / sfyonfs1@gmail.com
disappointment / jon.blyth@gmail.com
claim / claim.club@gmail.com
constitutional / constitutional@JDSupra.com
disability / twitter@rudysims.com
Eut / info@everyurbanthing.com
n6k / naveen.kumar@gmail.com
replacement / richard.kleinfelt@aol.com
situation / socialmedia@situationinteractive.com
yfa / fayeong@hotmail.com
produce / benjamindurham@gmail.com
circumstance / unborn_fox@yahoo.com
VJU / vijayvijay@gmail.com
G4d / geek@geekforaday.com
instinct / bill@InstinctMarketing.com
oc4 / KAREENOCONNELL@YAHOO.COM
Vet / vet@svmpr.com
bloodshed / calebros_666@hotmail.com
B68 / bryan.fhp2@gmail.com
zvi / zvi.shmuel@gmail.com
EL0 / eloisa.fuchs@gmail.com
devote / hi@devote.fm
_Z9 / z9zique@gmail.com
wNX / wangningxiang@gmail.com
FDu / wkrompf@gmail.com << clowns10
patent / steve@bnip.com
XFI / eviedominikovic@hotmail.com
deputy / dewantra.d@gmail.com
statement / hello@statementagency.com
icL / admin@ICL.press
kN2 / celozoo@nate.com
executrix / jessicagorha@gmail.com Jessica Gorham
experiment / info@elexperimento.com
20U / vishal.dhaduk@yahoo.in
T_2 / terry.o.thomas@gmail.com
promote / todd@promote.com
ElX / jvcastano@gmail.com
e5b / e5b@hotmail.com
Nwh / nwh@gmx.de
measure / jeff.buterbaugh@ni.com
hyc / emily6854@gmail.com
escape / rocco@esca.pe // 17088041
minimize / peter.jennings@hotmail.com
6sR / 6skipsremaining@gmail.com
tract / attractadaly@gmail.com
medieval / medievalum@medievalum.com
dbj / danilo.beghi@gmail.com
5ek / brandonwarner11@yahoo.com
zGm / connect@zgmbrand.com
exile / matt.levine@cachenetworks.com
community / communitybranches@gmail.com
VeT / vet@svmpr.com
5G6 / tjthrienen@yahoo.com
UEB / ueb@aol.com
CdP / twitter@cdp.net
juG / zufrius@gmail.com
vy1 / vlad.yelizarov@gmail.com
vA0 / verghese.antony@gmail.com
SD2 / sdayal@bentley.edu
TSU / tsutsu@gmail.com
pG_ / pgauche@tequilarapido.com
sSZ / dtipton@selfstoragezone.com
FVr / fauxrecords@gmail.com
lqN / loic.queran@gmail.com
Z1s / lgoff9@gmail.com
JKq / jkq@q.com
5hE / s_nacion@yahoo.com
5Dx / jill@5dxperience.com
9oR / alienor@hotmail.com
jPU / Jeff.underhill@gmail.com
i9b / twitter@i9b.com.br
_dW / derek.wright@gmail.com
xS_ / white@orglory.com
T51 / bobsutherland@hotmail.com
Wnw / writersnewsweekly@gmail.com
AcG / ageyer@gmail.com
8Hk / 8harald@gmail.com
IkQ / supachai@hotmail.com
7sv / g.uilherme@hotmail.com
4BW / 4brianwhite@gmail.com
d4b / david.beroff@gmail.com
ujv / uj@hotmail.com
okW / olaf.witkowski@gmail.com
QEI / support@myqei.org
wRP / hldo@hotmail.com
Sa3 / samk@live.com.au <<< scorp_373  (LOCKED)
nXB / N.brecker@gmail.com
Jx2 / jscalfano8@gmail.com
bP2 / beardpapa2@yahoo.com
nIr / nir.etzion@gmail.com
5VC / victoriacrumbaugh@yahoo.com <<< 5vicky  (LOCKED)
6uz / gustavo.j@hotmail.com
dCF / service@drycleaningfactory.com
HiD / philipshid@gmail.com
FNa / muellerfrank@gmail.com
Qrz / flloyd@qrz.com
Ig_ / iain.grant@gmail.com
aXU / xyj_hxy@163.com
4Ov / 4ov@mail.ru <<< v1f0i9f2
UjA / uja@hotmail.fr
2ok / q.dubelko@yahoo.com
N0z / rohan.bagde@gmail.com
yXn /yxndaemonx@gmail.com
BHq / brandhypequotient@gmail.com
ndB / ndball@gmail.com
enr / edrivera6@yahoo.com
XIW / tim@xi.co.nz
pyg / pyg@framasoft.org
JBL / leffert@gmail.com
u7V / udo.beyer@t-online.de
r9s / r9s@hotmail.com
Tbi / twitter@tbi.nl
o4r / oluchi.offor@yahoo.com
TgM / tgm@tgm.com
Fgq / fred@quiellaw.com
oSG / dave@orangeshirtguy.com
xwv / tc@cboz.net
HbL / parkerhbljones@gmail.com
qHa / edi@qhaclaims.com
wXy / w@wxy.ventures
mwW / mww@weightinc.com
hSX / info@hsx.com
DlT / reg@deadlinetimer.com
PZc / pzc@mcat.nl
2Tm / twitter@catalysts.cc
FbG / fbg@usinternet.com
VG9 / genine.rodriguez@yahoo.com
elh / hartman19@gmail.com
nlj / nathania.johnson@gmail.com
Jf9 / julie-french@hotmail.com
HLv / hotellimavitor@hotmail.com
ocl / jshapiro@ocl.co
xWK / audaciadangereyes@gmail.com
Pdq / jdurham@yahoo.com
F5d / rob@f5d.co.uk
tLp / tlp@tlpshow.com
PuN / i4u@haruka.saiin.net haruka
F68 / ji_li@live.com
dqI / daweiq@gmail.com
sqN / cleve@dallassound.tv
damian / damian.nicholson21@gmail.com
UBt / ugo.bottari@gmail.com
yoh / nakano.yohsuke@gmail.com
_A2 / peter_anderson@theappuniverse.com
nKf / social@kidney.org
_Um / um@um.cx
E7I / elizeth_maese@yahoo.com
RJi / rji@rjionline.org
vTM / twitter@vtm.be
Ciu / j.bague@convergencia.cat
Xavier Le Vourch
Bka / Bundeskriminalamt@bka.de
vBd / volkerbduetsch@gmx.de
5eL / fiveepicleftovers@gmail.com
8ds / rob@8ways.de
0oZ / bloombox@gmail.com
HaW / haw@gmx.de
V56 / veronika.sedi@hotmail.de
S4H / admin@studentsforhumanity.com
uJA / uja@hotmail.fr
6jW / i6jw@ymail.com
IOc / admin@ioc.cat
xgS / xgsantos@gmail.com
59b / info@janterpstra.eu
M1E / meller@eller-web.net
j7r / j7roberts@gmail.com
Fdu / wkrompf@gmail.com <<<<<<<<<< clowns10
iyg / iygarcia33@gmail.com
vPT / vvpt@me.com
iCW / info@ICWashington.org
D_2 / dandube@gmail.com
8OL / egarrett1@carolina.rr.com
69x / 69x@gmx.de
bWx / bwinderickx@yahoo.com
wQB / bwolf@wfisd.net
Eps / eps@inbox.ru
VWX / pat@linuxcolumbus.com
OdW / odw@defimedia.Be
x2F / yuliandryan@yahoo.com
3kc / kiyoshiwaki@hotmail.com
btX / btx@dcpscans.net
caJ / admin@caj.ca
bas / bas@bas.me.uk
Erg / doug.coleman@gmail.com
q9U / trippy@q9u.net
W5j / wilkins@mps.ohio-state.edu
8hs / hansin@parkhansin.com
zGh / gherari@hotmail.com
Fi1 / fiona.denham@kirklees.gov.uk
nXe / 360nxe@gmail.com
ydc / youthdestiny@gmail.com
oFG / info@ofg-studium.de
389 / dwest@ccrtc.com
sugumarjm@gmail.com : indhumathi
637 / nfborkowski@hotmail.com
864 / ruth.murphy@iol.ie
504 / 504@yahoo.com
iMR / ignacio.mariscal@gmail.com
wIC / wic@o2.pl
vg9 / genine.rodriguez@yahoo.com
3kI / 3ki3ki@gmail.com
N_a / nataliagomes@hotmail.com
S5_ / s5_@outlook.com
H4W / info@h4w.nl
G0W / shashi@about-time.com
KmQ / kmacqueen12@aol.com
5WS / Jaymee.Cuddy@ctv.ca
QcT / qct@hotmail.com
Jhq / jquella@comcast.net
e@3e5.com
XV9 / xboxv9@gmail.com
QHB / broughton.h@googlemail.com
W1E / twitter@w1e.com
lZH / lzh@yandex.ru
ZVi / zvi.shmuel@gmail.com
VXt / ehaque@gmail.com
tcF / info@tcf.ch
Flr / flr@att.net
Wxq / wangxianqi@gmail.com
Knl / ketilou@hotmail.com
xlK / lougidel@gmail.com
qVO / rebeca.burciaga@gmail.com
05J / baklouti.montassar@live.com
xSV / andrew@inspiredservices.org.uk
brH / ehintze@slc.edu <<<<<<<<<<<<<< rooster13
yzM / yzm@shokai.org
9nk / lucas.villa@hotmail.com
KpV / kpv123@yahoo.com
eks / eks@gmx.com
P_R / prasun@yahoo.com
ytD / yeh@uda.co.il
Bav / brad@vanover.org
SX5 / Sx5@hotmail.com
_6C / sanka@galerie6c.net
TXe / sharrentoh@gmail.com
CcI / cci@comcast.net
E2h / ernesthearsley@yahoo.com
xwK / audaciadangereyes@gmail.com
P2j / punit.joshi@gmail.com
D7h / d_7h@hotmail.com
UVk / ujwal.kakodkar@gmail.com
greg@xpertauto.net : holyfuck (need code from email)
XgV / greg@xdesigninc.com
qJC / qcastellon@gmail.com
GS0 / summersg1@hotmail.com
Js0 / jsmall@hotmail.com
bSW / williamsonb@ntelos.com
PRm / prorodman@hotmail.com
guT / gutmetal@gmail.com
kTw / kati.wright@gmail.com
HQe / elizabeth@hq-e.com
owp / webmaster@originalwebproductions.com
lQV / uffelagerqvist@gmail.com
umh / umh@telia.com
Gu7 / gu7@arcor.de
KlW / Keli.wiechmann@gmail.com
6zw / zw_6@hotmail.com
dKF / dfortunato@gmail.com
CMX / info@cmxhub.com
5Lp / londapatterson11@yahoo.com
p_S / paolamunguia44@yahoo.es
cQb / cqb@btinternet.com
vm_ / mediratta.varun@gmail.com
Gc6 / Giancarlolinares@yahoo.com
dRF / dfarkas@pace.edu
ex3 / exx3@msn.com
PSe / pse@pse.org
Prq / prq@prqueue.com
jgW / jgw@pobox.com
fo8 / fotodesign2008@googlemail.com
ultrasystemproducts
uSp / ultrasystemproducts@yahoo.com
warren@kysomahealth.com : rrabbit3002
oHC / openhouseconcept@gmail.com
iG_ / iain.grant@gmail.com
F4x / fabio.carrabs@gmail.com
XDj / info@aroramix.com
SUu / suelainepaula@hotmail.com : 91629529
Fnh / Nick.hofstede@gmail.com
2bp / bedfordpetya@hotmail.com
uO0 / contact@uO0.com
tg6 / theresegalvan@sbcglobal.net
QCZ / qingchenz@gmail.com
l0h / lohane@hotmail.com
EJy / emilyjyoung2@gmail.com
_GJ / goran.jurosevic@gmail.com
pGc / pgc@devel.co.uk
51s / koichi_tanaka@51solutions.jp
nNg / nng@myway.com
gPM / support@zetetic.net
ZTc / zacharychamplin@gmail.com
Etf / twitter@etf.nu
EV_ / ev_@gmail.com
Iz9 / firmanz@yahoo.com
JnW / mail@justinwarren.co.uk
rWR / info@runningwithrover.com
1Fd / jiyeonshin@empal.com
Xrc / xrc@jcom.home.ne.jp
__a / skog.albert@gmail.com
slab / info@slab.de
lost / leopold@hotmail.com
pool / info@pool.se
q__ / q@buschfunk.org
pray / ryan@Pray.com
boot / curreta+boot@gmail.com
deny / deny_betanzos@hotmail.com
even / even@westvang.com
rape / vagina@rape.io
warn / WestAgainstRacism@googlemail.com
4__ / 4__@hotmail.co.th
bury / bury@gmail.com
lamb / lamb.david@yahoo.com
slip / slip@nullvoid.co.uk
cane / cane@libero.it
duke / romakahlon@gmail.com
call / press@jajah.com
node / node@nerdist.com
mole / contact@mole.com.br
herb / HerbSawyer@gmail.com
keep / social@keep.com
gold / gold@thekayostore.com
soak / info@soak.co.uk
weak / dtolbert@gmail.com
tune / contact@tune.com
joke / twitter@jokedenul.be
hurl / admin@hurl.net
heel / heel@i.ua
__2 / jurand@jurand.net
item / item@oneforty.com
pair / tina@pair.com
salt / twitter@salt.ch
seem / sgaur@usc.edu // Seema Gaur
F4P / nicholas@nicholasroutzen.com  // Nicholas Routzen (917-340-1003)
fR2 / francesco.rosati@rosati-spa.com
c6n / bill.champion@gmail.com
R9s / r9s@hotmail.com
05a / irene_sirena@hotmail.com
BmL / bmlbml@hotmail.com
S4X / s.rapa@fastwebnet.it
vzk / twitter@volker-kopetzky.de
nk8 / nkaplan@mindspring.com <<<< feebee
o8e / o8e@naver.com
K6s / jeromekas@gmail.com
Rb4 / remc2007@gmail.com // 631-421-2652
swB / kastpod@gmail.com
Cvq / carlos@cvq.cl
TOE / susantoe@hotmail.com
KWi / Hiroaki.Kawai@gmail.com
TDz / tdz@dgzoo.com
ySg / go@ysg.jp
DxZ / chow@live.com
UVK / ujwal.kakodkar@gmail.com
OFg / info@ofg-studium.de
Wqr / hmdon7@gmail.com
m8w / marc_wen@yahoo.com
2bt / 2bt@backtrackr.com
I2X / ben@ideas2executables.com
2Cc / twitter@2cc.net.au
0xF / fk@knz-it.de
HzG / zhang.harrison@gmail.com
CZ9 / wmel90@yahoo.com
3iT / eehaywood@hotmail.com
4UE / mcouch02@gmail.com
OWP / webmaster@originalwebproductions.com
xWd / xwd@netti.fi
pzv / pzv@ds-fr.com <<< alkaalka (email no longer works)
teL / tel@email.com
RNW / press@rnw.org
dy2 / debbie_yardley@hotmail.com
bTX / btx@dcpscans.net
2MC / daniel@2mc.cc
2GH / 2ndGenerationHustlaz@gmail.com
BL0 / bislas@aol.com
JRs / JacquelineSimpkins@gmail.com
SWW / jmejia@gmail.com
gbf / twitter@findgarrett.org
pWv / vickipayne@verizon.net
uay / urvashisingh@live.com
WIn / windunseath@hotmail.com
B1W / kbriceo7@gmail.com
3T5 / emanuelsundberg@hotmail.com
qBN / accounts@QBN.COM - @qbncertified (certified@qbn.com)
7T6 / abidnadeem@yahoo.com
OzW / info@89cm.net
5pb / pavla@binnell.com
MeF / sam@mefminute.com
7qU / admin@7qu.ru
Fpk / fpk@stoertaste.de <<< mao1949
dBJ / danilo.beghi@gmail.com
SDs / twitter@saturdaydownsouth.com
lBq / ligabrasileiradequeimada@gmail.com
lQs / lqs@lqs.me
k2o / igor-felipe@hotmail.com
wlM / wendymacphail@hotmail.com
GbF / twitter@findgarrett.org
AGX / agris@aterno.lv
LGV / chrissaga@hotmail.co.uk
dzF / darija@darija@darija.cat
FvV / filiphorner@web.de
HxO / hxo@gmx.us
8l3 / alexandramaria@hotmail.com
zFh / zfhzFh@hotmail.com
MdX / m_puniskis@yahoo.co.uk
6dD / 6dd@26q.com
FjU / frederic.jund@yahoo.fr
Pa4 / waqasshah@hotmail.com
gCm / gcm5000@mac.com
ci8 / cindust@gmail.com : junk77
dkw / davidwagner@gmail.com
9eT / roger.fisher@indigital.net
vC9 / colinthomson75@yahoo.com
8NB / KNewmanbale@YAHOO.COM
WzI / info@wziel.com
5Hp / hirenpandit@hotmail.com
7pj / pgrahamjnr@btinternet.com <<< walcott32
3es / tansybishop@aol.com
Dg7 / dg7twitter@live.com
Gnm / gelson.maluma@zamtel.zm
ZBQ / zbq@hotmail.co.jp
7eD / tatencohan@yahoo.com
hzn / hzn@rock.com
sCO / sco@scottraymond.net
BZJ / jensen@hipphurra.com
iTn / lawrence.mcginty@itn.co.uk
Vg5 / victorgutierrez_52@hotmail.com
name in email above: victor gutierrez
h84 / heathermcfarlane@hotmail.co.uk
9d0 / 9d0chan@gmail.com
RWV / rwv@dds.nl
wvJ / wjones@yahoo.com
DnF / don.neufeld@gmail.com
FWv / fwv1@att.net
MID / mike@dvorkin.net
FD6 / fd6@gmail.com
tZG / cherrygao85@gmail.com
1l8 / luispadilla_11@hotmail.com
MQz / marquez@marquezcomelab.com
dDP / ddp@electric-loft.org
7R3 / contact@7r3.NET
Sql / twittersql@gmail.com
sFL / twittersfl@fonciere-lyonnaise.com
z4P / hudsonsf@gmail.com
NaZ / nabeela1990@live.com
rZ8 / robert.w@gmail.com
tCR / tcr@wfg-canada.com
QGB / qbarter@sbcglobal.net
IWR / richard@innovationwithresults.com
5AC / d_laub@dslextreme.com
b4U / liga.besere@gmail.com
vW0 / analiadiaz@hotmail.com
WNB / whitney@yahoo.com
Vnw / venita.walker@gmail.com
1qD / desireedalbert@yahoo.com - desireedalbert@gmail.com
3ou / ferchichi.omar@gmail.com <<< cityhunter
Dv4 / gpk@dv4.com
DIz / manusconaghan@hotmail.com
rP6 / rpollard123@hotmail.co.uk
qLn / elloy@qln.com
yeZ / yep@yez.com
eZF / scottd@ferris.edu
FEQ / f.equacao@gmail.com // twitter5
GbF / twitter@findgarrett.org
i9I / shawnmcarthur@gmail.com
pea / wittyben@gmail.com
4EZ / faizalfikrona@gmail.com
zNg / zng@live.com.pt
8Ve / mm@8ve.org
OjU / babatundeaina@yahoo.com
bdy / belinda.y@hotmail.com
rQb / randal.bird@hotmail.com
jOl / info@jolyonyates.com
bFQ / barryquinn@aol.com
BqN / ove@bqn.se
QBA / djqba@aol.com
ZF6 / zf6@yandex.ru
wqp / hygeia.wong@hotmail.com
oOy / k_praweena@hotmail.com
jXD / junior-godoy@hotmail.com
l12 / lorrainelane@ntlworld.com
nAX / nax@nax.es
UbW / ltkearney@hotmail.com
JgW / jgw@pobox.com
cFD / cfd@ixmedia.com
yDM / ydm@sacbrunei.org
1yT / y.ismail@gmx.net
zBG / zoraida_de_garcia@hotmail.com
0Ex / 0ex@envirome.com
Aiz / aizmac4@gmail.com
muo / m.medina@gmail.com
Qa9 / m.asthoff@exit-2000.de
8KN / 8knishino@gmail.com
Mg6 / mgeldman@gmail.com
qWX / info@1915-2015.org
w3p / jpadron@w3p.com.br
rOs / fernando@ryb.es
1Tp / mpeterson@fastmail.fm
4IT / all4it@rogers.com
TzG / cherrygao85@gmail.com
pHW / phwtoo@gmail.com
2AD / adurban@charlesroyle.co.uk
3mK / 3mk123@gmail.com
xbF / xbf@adamkinney.com
B9L / ninel.bogdan@gmail.com
fWv / fwv1@att.net
ApT / apt@msn.com
ql1 / henkkulius@gmail.com
Clv / clv2008@163.com <<< franks (
O2V / volivier@gmail.com
COq / fabrice@poulin.ch
Imf / ian@neo.com
5nG / marina.aguiar@hotmail.com
5No / pmermel@hotmail.com
vQS / leandro.g@hotmail.com
m4M / m4m@mytmedia.com
hF0 / twitterhf0@gmail.com
yDw / johandewild@hotmail.com
gwp / gwp@gmail.com
Q8L / q8l@live.de
grl / info@grlmedia.com
vFx / bledi8485@hotmail.com
63g / 63g@in.com
WfQ / sshahimi@hotmail.com
Iax / twitter.com@bochterservices.com
ITR / 1@itr.fr
0BZ / charles.kee@gmail.com
43h / vinitaverma92@gmail.com
e4p / info@techdivision.com
dtj / social@dtg.org
4et / etkimble@verizon.net
zOa / zoadam@hotmail.com
gFW / mengfeish@yahoo.com
KBl / k-otomo@home.email.ne.jp
4fx / twitter@4fx.co.uk
AaP / adampribadi33@yahoo.com
m8L / malajangali@hotmail.com
uA6 / ua6@yahoo.com
OzV / ozvidal@gmail.com
wl8 / wlee8@rogers.com
a7u / ahsan.umar@hotmail.com
seW / info@sew.la
ZzD / zoezelldavis@gmail.com
qMe / qme@libero.it
TLJ / tlj@email.com
6ZC / c.6z@hotmail.com
M4W / m4w@mytmedia.com
oWM / staff@oneworldmissions.com
RbW / rbw@rock.com
EQm / eqm@heels.com
zdZ / zdz@live.fr
6aF / ambfilho@gmail.com
BeV / info@bev.gr
A1u / a1u@a1u.de
lqX / infolqx@gmail.com 1212112121
96u / josuemayta@hotmail.com
l48 / g@l48.org
QgU / yag.loh@gmail.com
TMF / info@tmf.be
0RP / orkesrockpribumi@gmail.com
5X8 / 5x8@tvnet.lv <<< daniels12510
t8c / T8c@outlook.com
GLx / info@glx.net
rVQ / reema@vonquadt.de
header : jihyeon.yeom@gmail.com :  Jihyeon Yeom
Martyr : marty.ramos@sbcglobal.net : Marty Ramos
crease : crease@setec.org : Donald Crease
Bloat : nataliem@hotmail.com : Natalie Milton
Damp : billharmon@centurytel.net : Bill Harmon
Crackers : info@themcgoos.com  :
Pitcher : mpitcher07@yahoo.com : Michael Pitcher
Mutualize : Mutualize@gmail.com : MutualNation
POOF : nielspausma@gmail.com : Niels Pausma
Quahog : quahog@quahog.com.br
tight : titusheard@gmail.com : Titus Heard
engrave : joe@engraveyourtech.com : Joe Mansfield
tooka : cairns.tony@gmail.com : tony cairns
Territory : paul.schmit@gmail.com : Paul Schmit
Crypt : ipasli@yahoo.com : isak pasli
Crucify : kagrs@gmail.com :
KtW / kati.wright@gmail.com
xfj / xfj@gmail.com
m5o / m5o@gmx.com
d6K / d6k@hotmail.com
Wt5 / kendixon@mindspring.com : ssapfr21 (needs number ends in 47)
FlM / jockrot@footloosemoose.com
Gx9 / gloria.cruz@gmail.com
r3R / admin@r3r.com
gmf / eisrael@greenmicrofinance.com
OI9 / t-smoothie@yahoo.com
0L4 / 0l4@mail.ru
3gi / info@tripleginteractive.com
GQA / gquintero@hotmail.com
jG8 / info@gewicht-verliezen.nl
n97 / alianamish@hotmail.com
FlR / flr@aol.com
UeW / UeW@UeW.de : saskia21twit
K5o / kimotero@me.com
ln3 / lnguyen@gmail.com
6pe / ayo.balogun@gmail.com
Q57 / qgambino1@yahoo.com
uF8 / UF.8@aol.com
XHm / dcrocodile@gmail.com
rOS / fernando@ros.cc
iLs / ilze@meck.co.za
3By / evelyng@hotmail.com
pl6 / patricklohlein@gmail.com
BW7 / bwinters@umich.edu
Obf / olivera.batula@bankamagazine.hr
7RL / 7rl@netsecs.us
zMP / dave@zomopro.com
91w / bcmoody@hotmail.com
xUz / zxu@cagd.org
Xp0 / marcelo.ramos@gmail.com
M1s / martyn.saville@gmail.com
pNG / twitter@png-online.de
Nmy / nmynmy@gmail.com
lQS / lqs@lqs.me
c8t / catherinem@serviceseta.org.za
OfU / p_pey@yahoo.com
OJR / ojr@ojr.org
U_T / U_T@o2.pl
qtu / qtu@post.harvard.edu
4fH / josephanampa@hotmail.com
E7Q / fajriarum@yahoo.com
10O / zeno@wultsch.at
i2H / info@i2h.de
9Fx / mirko@9fx.de
JyR / jyr.gaxiola@gmail.com
UDB / uboehnert@hotmail.com
438 / brantedmond@hotmail.com
cFd / cfd@ixmedia.com
LRu / lru@runnerskingdom.com
31R / joseph.ngari@gmail.com
3Mf / mflindt@privat.dk
57P / flinders@gmail.com
W9d / christophereddy@yahoo.com
0fC / orcuncalba@gmail.com
xZb / xzb@gxzjy.com <<< 2224314 (email no longer works)
Ghv / gvihovde@gmail.com
Hgx / helengreen@yahoo.com
yBu / yann.bureller@gmail.com
9Oe / 9oe@live.com
8Bb / 8b_penabur_sukabumi@yahoo.com
pNw / peter@nearlogic.com
RUe / altonoa@gmail.com
QCR / qcr4ever@comcast.net
Ea0 / ea0@hotmail.fr
5xW / FranciscoPablo@hotmail.com
uQn / UmQuedeNegritude@gmail.com
A1Q / abhie32@gmail.com
qGZ / gregorymoody@rocketmail.com
lQ_ / liquid_@i.ua
XSB / xsb@i.softbank.jp
UVx / vooe@ymail.com
VEl / vnurkhajjah@yahoo.com
mRg / @matandorobosgigantes.com
VGZ / welcome@vgz.nl
J2U / j2u@prodigy.net
MtW / news@montrealtechwatch.com
xOd / xod@mac.com
dJK / d@djk.io
tOV / tov@tov.net
ald / afrael@yahoo.com
xwV / tc@cboz.net
xoz / ozmen@kth.se
ol3 / ol3@mac.com
Lh6 / lisa@wagstaffworldwide.com
jJ3 / jjason@hotmail.com
z93 / twitter@z933.com
j6_ / j6@yahoo.com
alR / alessandrosnipper@yahoo.com.br
VuU / lynavuu@yahoo.com
AzS / anazatezalo@hotmail.com
Vnw / venita.walker@gmail.com
oZV / ozvidal@gmail.com
uFS / ufsheikh@gmail.com
ycA / info@yca-sandwell.org.uk
g74 / agee74@gmail.com
57p / flinders@gmail.com
Ng5 / campagnaj@whbschools.org
pZA / pza@pza.net.au
RBK / rbca@gmail.com
OZc / oazepeda@hotmail.com
Gch / greg@DesignPathMedia.com
bv9 / bruna.valente@hotmail.com
8hl / lootsjh@mweb.co.za
fpq / flaviaq@nyc.rr.com
Sbr / sbr@privat.dk
OmJ / mjarvegren@gmail.com
4p3 / mikko_arponen@hotmail.com
sFD / social.fairy.dust@googlemail.com
dBb / davidbluhm@gmail.com
OeI / atchariyatb@gmail.com
X09 / arianna@live.it
5u0 / 5u0@mail.ru
Qf0 / qf0@hotmail.com
oKX / twitter@okx.fr
hId / philipshid@gmail.com
9fZ / jiufengzi2001@gmail.com
k1g / kaylee.groucott@btinternet.com
NFE / nfe@free.fr
fFE / social@fantasyfootballexchange.co.uk
OBz / aubreyds@hotmail.com
s6n / sandiilusimati@yahoo.com
hJi / mail@hji.co.uk
vyq / vypham@yahoo.com
tfq / tom.quinn@cox.net
zDN / peterniu@yahoo.com
7FM / arcodavelha@arcodavelha.eu
h4N / han.kessels@gmail.com
btB /  info@btb.be
vgu / administration@vg-u.de
oky / vardarova@gmail.com
oqW / quintinwalker@yahoo.com
Wvj / wjones@yahoo.com
qv8 / hlsimms@hotmail.co.uk
WRM / maxim@hooft.net
kxf / kfang@twitter.com
2mx / maxim.voloschuk@gmail.com
8kT / 8kt@i.softbank.jp
ovB / overblue99@gmail.com
PLv / philippe.levan@kibatic.com
h3d / h3.d@icloud.com
h0n / pohan@hotmail.com
KgQ / kilderg@gmail.com
gZl / g.ulanday@me.com
cp1 / cp1@hani.net
5T8 / sarahs@bis.midco.net
CoQ / fabrice@poulin.ch
1Uh / hollmichel@mac.com
SqU / Speedqueenunderground@Gmail.com
D4R / daishiro@d4r.jp
vI0 / violeta_@hotmail.com
Cb8 / christinebrown84@yahoo.com
FKP / felipek@gmail.com
RNw / promo@rnw.org
rWR / info@runningwithrover.com
U65 / kochubey@mail.ru
mbv / miguelboavida@mac.com : bubbles42mara
p4r / tim@paddle4relief.co.uk
qGB / qbarter@sbcglobal.net
Okz / okz@okz-web.com
Gdv / gdv@eject.co.za
pzW / jslokkers@procestechniekzw.nl
f01 / fernandoluiz@hotmail.com
cka / admin@canadaka.net
fmA / jean@fma.com
v4L / info@vision4living.org
TzD / twitter@tranzendental.com
gB8 / gabriel.gb8@gmail.com cordeiro
kKq / kathykq@hotmail.com
Zzd / zoezelldavis@gmail.com
0GA / gabyscarlet@hotmail.com
g6e / jim@g6e.org
R40 / hogan_renee@hotmail.com paging
LKH / lkh@avalon.net : kids333
7U6 / wroyes@yahoo.com
Pg0 / purabgaur88@gmail.com
pWm / twitter.com@philwaldrep.org
cD4 / cd4band2@yahoo.com thebeach1
Xcj / info@xcj.nl
e3k / eric@mediaplatforms.ca
b4L / sgarri@ngs.com
21d / rhayden@21d.com
7ED / tatencohan@yahoo.com
yHq / yHq@hotmail.com
KDP / denise_phengthongsavath@hotmail.com
cmZ / china@example.com
8l2 / l.mathis@yahoo.com
IGd / ihab@myonlineworld.com
17w / westlife@gmail.com
Tpn / thepodcastnetwork@gmail.com
Ixl / ixl@hotmail.co.uk
8Cg / cgreene479@gmail.com
v0N / rodriguezvon@yahoo.com
CTV / video@cchsctv.com
s_M / s@soter.tv
PRN / piraterobotninja@gmail.com
eTm / juergen.mangler@univie.ac.at
tCW / amir@thecultivatedword.com (@amirlearner - https://titanpad.com/rALFWrp8Rh)
QXC / skyqxc@163.com
3SI / joSe@3strandrealestate.com
LEJ / kenji.Mori@landsend.co.jp
KMt / kmt@ftml.net
Zrf / zarif.tezer@gmail.com
Ixu / ixu@twitter.com <<< lets jack twitter employee yes!!
znB / znb@yahoo.com
wrn / info@WRN.com
ZVL / victor.diji@gmail.com
P2U / infp@power2u.co.za
rQS / rql_@hotmail.com
b1p / panesar_25@hotmail.com Bhawan Panesar
j5v / johnv@johnvalentine.co.uk
sWP / stevewhiteproductions@gmail.com
kIZ / stacy@covehurst.net  stacy cowley
XWV / tc@cboz.net Tanveer Choudhry
g62 / g@g-area.ru
wEl / loyd@gmail.com
NPX / npx@npx.com
yCB / ycanelnino9@hotmail.com
SQc / sqc@me.com
y3B / Bertha.woon@gmail.com
Hzg / zhang.harrison@gmail.com
nFw / neal.wolfe@gmail.com
lbH / oswapalma@hotmail.com
UJt / john.fair@1st4cruising.com : chelsea1
dUx / rejotl@gmail.com
indiotaino.af@gmail.com
pzW / jslokkers@procestechniekzw.nl
UdS / udanies@gmail.com
xhm / dcrocodile@gmail.com
wCV / wcv@gmail.com
dX5 / dexduff@yahoo.com
LHe / moocow2619@aol.com
3nb / abdo_boody_100@yahoo.com (PASS ON EMAIL 0104794548)
GVj / gvjgvj@gmail.com
UOg / reggie.lee@gmail.com
c31 / rpveach@hotmail.com
qP9 / ryanlees38@hotmail.co.uk
5aW / webera@ndapandas.org
crossing / millerscrossing@millerscrossingbluegrass.com
FNZ / ward.hellemans@gmail.com
petty / pettyjojo@126.com
QnG / qngzz@yahoo.com
0za / zerozach@gmail.com
I61 / contact@i61.church
E2r / vickiavil@aol.com
W9D / christophereddy@yahoo.com
ZWn / twitter@zombiewatchnetwork.com
pKi / michael_camingay@yahoo.com
Hn5 / hn5hn@hotmail.com
PZc / pzc@mcat.nl
qeG / quinneg@gmail.com
fs7 / Sablemoraux@gmail.com
3mz / 3mz@tigertissue.com
housing / social@housing.com
cultivate / justin@cultivatecreative.com
Koran / twitter_koran@yahoo.com
generate / jared@generatela.com
plagiarize / ryanacheson@yahoo.com
71x / Streitmatter1@msn.com
2w8 / wendy@w8write.com
Dl6 / dl6@pdq.net
EBG / guillaume.ber@ebg.net
sZV / r.schmidtchen@t-online.de
kettle / kettle@post.com : kontroll
proportion / design@proportionlondon.com
reflection / reflection@mirrorseye.net
certain / social@certain.com
cotton / ecotton@bssp.com
1iX / a1ix@live.com Alex Pineda
HGX / helengreen@yahoo.com
iB5 / ib5@example.com
instinct / bill@instinctmarketing.com
Xpe / xp-group@gmail.com
kM8 / k_madden@ctcdistributing.com
5wu / wuwilliams@yahoo.com
say / dave@say.sh
diagram / tony@wicks.co.uk Tony Wicks
smash / smash@hotmail.it Massimo Casagrande
intensify / alex@connectly.co
rape / vagina@rape.io
reliable / Terrisabins@gmail.com
break / break.com@gmail.com
tin / tistvan70@gmail.com török istván nándor
maximum / maximum@ukr.net
spill / info@spillnow.com
cattle / webmaster@cattle.de
vegetable / hamdanfiras@yahoo.com
theme / hmuwanika@gmail.com
formula / janeknoll@hotmail.com
complete / keithstjohn@sbcglobal.net
bracket / bracket@yahoo.com
herb / herbsawyer@gmail.com
A5v / asepsatia@yahoo.com
I_q / quinton@me.com
vDu / noel@vdu.io
    4c5 / andre.casertano@gmail.com
RAW Paste Data
Lmh / webmaster@LMH.de
CTv / video@cchsctv.com
TO7 / barlow_tommy@yahoo.com
Kur / mikio@kur.jp  Mikio Kiur
mzS / melissastollman@gmail.com
wKu / wku@wku.edu
Bxk / bkinard@cbcc.us  Beth Kinard
jha / junamuan@gmail.com
diZ / manusconaghan@hotmail.com
4O0 / iqmalik@gmail.com
xsB / xsb@i.softbank.jp
94O / d.andryukh@mail.ru
r3Q / linda.chero@gsa.gov
pil / pluedtke@gmail.com
x96 / corey@x96.com
NXw / nXw_barbie@hotmail.com
fF7 / info@ff7.nl
vHE / vhe@scarlet.be
q60 / moniquedenbraven@gmail.com
e3k / eric@mediaplatforms.ca
Kur / mikio@kur.jp
zVi / zvi.shmuel@gmail.com
9et / roger.fisher@indigital.net
3cK / tryckgt@gmail.com
Ick / icknoble@gmail.com
uTA / twitteruTA@gmail.com
9Fs / chintan@indiainfoline.com
iAk / twitter@iak.nl
sGW / 9mm@dr.sub.jp
Qd4 / qdenyssen@gmail.com
IzP / 4info@list.ru
MN9 / mn99nm@hotmail.com
wji / office@worldji.com
vdE / vandeee@gmail.com
cMR / erstkontakt@hotmail.com
TpI / g.gambino@tpi.it
K83 / kathymiller99@hotmail.com
97N / jamie@jamielillie.com
OE8 / darrenoe8@hotmail.com
Nzw / nzwarner@gmail.com
P4R / tim@paddle4relief.co.uk
k1D / holy_w1ngs@yahoo.com
oHP / john@openhouseparty.com
xAT / admin@xat.com
mtw / news@montrealtechwatch.com
nPk / kids@npcc.cc
FLP / felipe-eduardo@hotmail.com
kIf / kifkif@gmail.com
aVH / arthur.van.hoff@gmail.com
A5k / ahmetbesk@gmail.com
KuR / mikio@kur.jp
oKW / olaf.witkowski@gmail.com
cUj / CUj4life@HOTMAIL.COM
U1i / uli@hotmail.com
Gv2 / gabriel.nunes@hotmail.com
SXB / sxb@us.ibm.com
gHJ / guri.hjeltnes@bi.no // asbjorg09
tEZ / tezera.mengestu@gmail.com
CDp / twitter@cdp.net
Evs / evschoemaker@gmail.com // Elliot V. Schoemaker
xE8 / danielle.jasmine@gmail.com
fZU / fzu@gmx.de
P7u / p.hanes62@gmail.com
Gvx / gvx_gt@hotmail.com
PCZ / pczen@gmail.com
z4N / max@z4n.fr
WIi / wii@mail.utexas.edu
rcu / rcu@university.com
iRp / irealtyp@gmail.com
_Zb / zumbansen@gmail.com
kUR / mikio@kur.jp // okimi1124
U91 / u.arango@yahoo.com
PBa / pa@pa.cz
V64 / j@hnvea.ch
XGD / xgd@streamyx.com
maZ / maz.spam@gmail.com
dsn / comunicacion@dsn.presidencia.gob.es
lCD / lcd@neuf.fr
HZz / hzz@rambler.ru
qjB / jeremy@bankpak.com
1cr / chris.ray@live.co.uk
0IB / 0lb@0-i.biz
vb0 / vincent.bryant@gmail.com
LsC / laurent.chen@pegways.com
WP2 / carl.niklasson@gmail.com
rWU / matt@remain.com
IQh / nuratiqah2@gmail.com
ncN / ncnblog@gmail.com
HJS / suermondt@gmail.com
Zbl / zanelaney@yahoo.com
O0W / jonathas123@hotmail.com
gHq / george@ghq.com
IBG / ian@ianlondin.com
pz4 / pz4@aol.com
eHo / mail@ephraimhohn.com
gbX / speed@gbxshoe.com
uQ2 / ursula@yahoo.com
E8n / junk@pluth.net
h2t / h2t@outlook.com
Dh2 / dhanson@yahoo.com
CGt / sp-comunicacion@cgt.org.es
7Vg / 7vg@mail.ru
Tdz / tdz@dgzoo.com // Enuging1982
xyB / xieyanbo@gmail.com (xiaoxie = last password on gmail, answer security question)
XoZ / ozmen@kth.se
Fb7 / francis@hotmail.com
JKf / kamio.joseba@gmail.com
BrH / ehintze@slc.edu // rooster13 (password change required)
GJ2 / gjackson@yahoo.com
hGb / hollie@btinternet.com
jRi / jason.richards@kentcountymi.gov
rk2 / luisalbert@hotmail.com
1KD / press@1000days.net
wxg / info@kvsc.org // kvsc881
jg4 / jgasper@yahoo.com (account is fucked, can't login or re-create)
zlp / zack.piotrowski@gmail.com
7Hq / info@7hq.net
KxB / kxb@live.com
qbP / jacob.piotrowski@gmail.com
faC / frandy123@hotmail.com
uQ7 / uq7@hotmail.com
UAf / info@uaf.org.uk
9Uz / g.uzman@hotmail.com
6ka / yajaira@hotmail.com
kAU / twitter@kau.se //
3rd / jim@idc.edu
Mi6 / mi6@mailueberfall.de (can't login to email service)
cHQ / webmaster@ciweb.org
bT1 / robertsoares@gmail.com
ofU / p_pey@yahoo.com
EL7 / el7even@gmail.com // maxwell7
ja0 / jeffrey.omo@me.com
Orf / socialmedia@orf.at
v2z / vincent@gmail.com
FdL / forajidos@gmail.com
vbA / vba@forenede.dk
ZGh / gherari@hotmail.com
nTq / quangvinh1705@yahoo.com
LTt / twitter@norfolktastesgood.com
rTi / info@rti.fm    PASS > 06june1954
MBv / miguelboavida@mac.com    PASS > bubbles42mara
Uaz / uazzettina@hotmail.com    PASS > 14agosto
ejd / ejdevinney@gmail.com PASS > maggie786
kbu / kelly.bucher@gmail.com PASS > allforyou
APw / antoine.poignant@gmail.com
5US / susanprior@me.com
ehQ / ehl.net@gmail.com
iPO / webmaster@ipo.org
1GB / khaledachkar@hotmail.com
hlv / hotellimavitor@hotmail.com
lXd / lxdlxd@163.com
23j / mrniterida@yahoo.com
HaW / haw@gmx.de
DFc / webmaster@denverfirstchurch.com
mXz / twittermxz@gmail.com
CzJ / clement.joubert@gmail.com
qkV / joy@liveintoday.com
yVR / yvr@vancouverair.com
HN5 / hn5hn@hotmail.com
KME / ebertkyle@gmail.com
GCM / gcm5000@mac.com
f5E / mattbabayan@aol.com
bLc / clark.brittany@gmail.com
z1s / lgoff9@gmail.com
syb / sebastian.malcolm@gmail.com
il4 / ilchenko4@gmail.com
PlS / parejitalifestyle@gmail.com
pdV / pvassel@gmail.com
CJD / cjd@live.co.za
FnI / footballnewsindia@yahoo.com
MXc / mcuringa@adelphi.edu
Xiz / 549609654@qq.com
Uvd / u.viertmann@uvd.de
bQk / b@bqk.no
fQ7 / twingerberg@yahoo.com
vfC / teresa@vfministries.com
e4g / social@engineering4g.com
4mx / max@4k4.de
wuu2 / laura.eddy@yahoo.com
pickaxe / pickaxe@esmcity.de
hardware / andro_sayno@yahoo.com andro sayno
plaintiff / plaintiff@comcast.net
dividend / danreagan88@gmail.com Dan Reagan
reflection / reflection@mirrorseye.net
argument / loktionovvadim@gmail.com vadim loktionov
patent / steve@bnip.com
devote / hi@devote.fm
reliable / terrisabins@gmail.com Terri Sabins
sausage / sausage@gmail.com
escape / rocco@esca.pe
inhabitant / henning.schwandt@googlemail.com Henning Schwandt
network / info@getnetwork.co
economy / twiteconomy@gmail.com
purpose / twitter@purpose.com
maximum / maximum@ukr.net
perception / perception2@msn.com Thomas Jømne
shatter / shatter98@hotmail.com sean olson
invasion / twitter@invasion.com
unanimous / sean@unanimouscreative.com
instinct / bill@instinctmarketing.com
harvest / danny@getharvest.com
thought / twitter@thought.is
proportion / design@proportionlondon.com
cattle / webmaster@cattle.de
stereotype / leosierek@gmail.com Leo Sierek
sensitivity / natscoones@gmail.com Nat Scoones
inspiration / info@inspirationcruises.com
problem / frankie@problem.tv
momentum / matt@momentumbuilders.com.au Matt Joswick
jacket / jacketwen@163.com
pardon / hannah@pardonhannah.co.uk
ignorant / nkagrawal@gmail.com Naveen K Agrawal
leftovers / deanlassalle@gmail.com dean lassalle
habitat / contacte@adminhabitat.es
neighbour / shane.cunningham@ft.com Shane Cunningham
plagiarize / ryanacheson@yahoo.com Ryan Acheson
SKC / sean@pegara.com
J0p / j0p@pol.pt
uqA / komori@ark-web.jp
Twn / tommy@nordeng.no
tnZ / martijn@ffwd.digital
umy / umesh.patel@gmail.com
ZQ6 / zhuqiong@vip.sohu.net
Lfa / howie@lookingforadventure.com
ARQ / arcadioquijada@gmail.com
JXM / joel.mikesell@yahoo.com
gPd / gpdambra@gmail.com Gianpaolo D'Ambra
RoS / fernando@ros.cc
OCg / twitter@onlinecommercegroup.com
7n2 / arvindbhanushali@yahoo.com bhanushali arvind
BiA / bia.carathanasis@gmail.com Bia Carathanasis
2lr / jean@2lr.org
Wp1 / wp1@sapo.pt
cq5 / juliomaldonado@gmail.com Julio C. Maldonado
RBc / socialmedia@RBc.com
zQq / quanquan_417@hotmail.com PASS : 521025
QP_ / larsweibel@web.de
kEv / kprichard@gmail.com
Wjo / wjo@cinci.rr.com
dUR / durlabh@yahoo.com
wFq / sshahimi@hotmail.com
k0B / kristinobrien2@gmail.com
2Lm / silviarusnac@yahoo.com
My5 / hello@myfive.com
E2r / vickiavil@aol.com
cjh / hubing@gmail.com
LI5 / luke.inman@thomasmore.edu
Lwg / lauren.glass@yahoo.com
CUd / cud@coldmail.com
akT / twitter@aktenterprises.com
dF1 / dan.frommer@gmail.com
d3n / denis.l@hotmail.com
R8p / rische-imoet@yahoo.com (cant make)
hGx / helengreen@yahoo.com
4WO / agungwidodo49@yahoo.com
ZJN / zjnoah@yahoo.com
I61 / contact@i61.church
0dz / haroldcanlas@yahoo.com
HyJ / hyhyj@163.com
hw9 / hwhite9@yahoo.com HARRY WHITE
gNw / graphnetwork@gmail.com
ZcW / zoewilkinson@hotmail.com
t54 / tamaradecarlo@aol.com
6nb / natbourgon@rogers.com
VdG / vd.g@hotmail.com
xWK / audaciadangereyes@gmail.com
LNv / lnv123@yahoo.com Lauren VanMeter
bHq / brandhypequotient@gmail.com
jQ1 / jonquil1@hotmail.com
iXl / ixl@hotmail.co.uk
DZE / dzekabrist@gmail.com
WJI / office@worldji.com
9cP /  caroline.slagle@hotmail.co.uk 
3vQ / 3_vq@yahoo.com shanfeiki purnomo
gsQ / glgellman@aol.com
nBI / sergey@nbi.me
rGu / rishigupta.51@gmail.com
v2u / v2u@comporium.net
ye2 / nbdimapilis@yahoo.com
iVm / info@InfiniteVisionMedia.com
vEH / juha@tormanen.net
_y4 / opposhop@gmail.com
PZc / pzc@mcat.nl
yNZ / ynz@ofir.dk  : sariska <<<<<<<<<<<<<<< PHONE NUMBER
4ER / bob@4er.org
9VJ / viraj.chinchwade@gmail.com
yG3 / yalgee@gmail.co
7F5 / webbscotty50@yahoo.com
uUc / admin@uuc.edu
KTy / kristina@veard.net kristina tomaz-young
VLQ / vquoss@yahoo.com
kdZ / ricardo.pedrosa@msn.com
uc3 / info@uc3.com
KH9 / kh_9@hotmail.com
E5Z / ezzah@tv3.com.my <<<<< pws0052  (LOCKED)
pLs / parejitalifestyle@gmail.com
Wbc / bobby@wbc.co.uk
39G / mirandataylor@live.co.uk
f9u /  f9u@me.com
5Ty / timabbott@yahoo.com
gfr / rohling@eseeds.com : twitterlib2me
memorial / railroadmemorial@gmail.com
pepper / danielp1@gmail.com
fXw / fxwojcik@hotmail.fr
alive / aliveagency1@gmail.com
result / alexa-brandt@result.de
mislead / rmspencer63@gmail.com
sfy / sfyonfs1@gmail.com
disappointment / jon.blyth@gmail.com
claim / claim.club@gmail.com
constitutional / constitutional@JDSupra.com
disability / twitter@rudysims.com
Eut / info@everyurbanthing.com
n6k / naveen.kumar@gmail.com
replacement / richard.kleinfelt@aol.com
situation / socialmedia@situationinteractive.com
yfa / fayeong@hotmail.com
produce / benjamindurham@gmail.com
circumstance / unborn_fox@yahoo.com
VJU / vijayvijay@gmail.com
G4d / geek@geekforaday.com
instinct / bill@InstinctMarketing.com
oc4 / KAREENOCONNELL@YAHOO.COM
Vet / vet@svmpr.com
bloodshed / calebros_666@hotmail.com
B68 / bryan.fhp2@gmail.com
zvi / zvi.shmuel@gmail.com
EL0 / eloisa.fuchs@gmail.com
devote / hi@devote.fm
_Z9 / z9zique@gmail.com
wNX / wangningxiang@gmail.com
FDu / wkrompf@gmail.com << clowns10
patent / steve@bnip.com
XFI / eviedominikovic@hotmail.com
deputy / dewantra.d@gmail.com
statement / hello@statementagency.com
icL / admin@ICL.press
kN2 / celozoo@nate.com
executrix / jessicagorha@gmail.com Jessica Gorham
experiment / info@elexperimento.com
20U / vishal.dhaduk@yahoo.in
T_2 / terry.o.thomas@gmail.com
promote / todd@promote.com
ElX / jvcastano@gmail.com
e5b / e5b@hotmail.com
Nwh / nwh@gmx.de
measure / jeff.buterbaugh@ni.com
hyc / emily6854@gmail.com
escape / rocco@esca.pe // 17088041
minimize / peter.jennings@hotmail.com
6sR / 6skipsremaining@gmail.com
tract / attractadaly@gmail.com
medieval / medievalum@medievalum.com
dbj / danilo.beghi@gmail.com
5ek / brandonwarner11@yahoo.com
zGm / connect@zgmbrand.com
exile / matt.levine@cachenetworks.com
community / communitybranches@gmail.com
VeT / vet@svmpr.com
5G6 / tjthrienen@yahoo.com
UEB / ueb@aol.com
CdP / twitter@cdp.net
juG / zufrius@gmail.com
vy1 / vlad.yelizarov@gmail.com
vA0 / verghese.antony@gmail.com
SD2 / sdayal@bentley.edu
TSU / tsutsu@gmail.com
pG_ / pgauche@tequilarapido.com
sSZ / dtipton@selfstoragezone.com
FVr / fauxrecords@gmail.com
lqN / loic.queran@gmail.com
Z1s / lgoff9@gmail.com
JKq / jkq@q.com
5hE / s_nacion@yahoo.com
5Dx / jill@5dxperience.com
9oR / alienor@hotmail.com
jPU / Jeff.underhill@gmail.com
i9b / twitter@i9b.com.br
_dW / derek.wright@gmail.com
xS_ / white@orglory.com
T51 / bobsutherland@hotmail.com
Wnw / writersnewsweekly@gmail.com
AcG / ageyer@gmail.com
8Hk / 8harald@gmail.com
IkQ / supachai@hotmail.com
7sv / g.uilherme@hotmail.com
4BW / 4brianwhite@gmail.com
d4b / david.beroff@gmail.com
ujv / uj@hotmail.com
okW / olaf.witkowski@gmail.com
QEI / support@myqei.org
wRP / hldo@hotmail.com
Sa3 / samk@live.com.au <<< scorp_373  (LOCKED)
nXB / N.brecker@gmail.com
Jx2 / jscalfano8@gmail.com
bP2 / beardpapa2@yahoo.com
nIr / nir.etzion@gmail.com
5VC / victoriacrumbaugh@yahoo.com <<< 5vicky  (LOCKED)
6uz / gustavo.j@hotmail.com
dCF / service@drycleaningfactory.com
HiD / philipshid@gmail.com
FNa / muellerfrank@gmail.com
Qrz / flloyd@qrz.com
Ig_ / iain.grant@gmail.com
aXU / xyj_hxy@163.com
4Ov / 4ov@mail.ru <<< v1f0i9f2
UjA / uja@hotmail.fr
2ok / q.dubelko@yahoo.com
N0z / rohan.bagde@gmail.com
yXn /yxndaemonx@gmail.com
BHq / brandhypequotient@gmail.com
ndB / ndball@gmail.com
enr / edrivera6@yahoo.com
XIW / tim@xi.co.nz
pyg / pyg@framasoft.org
JBL / leffert@gmail.com
u7V / udo.beyer@t-online.de
r9s / r9s@hotmail.com
Tbi / twitter@tbi.nl
o4r / oluchi.offor@yahoo.com
TgM / tgm@tgm.com
Fgq / fred@quiellaw.com
oSG / dave@orangeshirtguy.com
xwv / tc@cboz.net
HbL / parkerhbljones@gmail.com
qHa / edi@qhaclaims.com
wXy / w@wxy.ventures
mwW / mww@weightinc.com
hSX / info@hsx.com
DlT / reg@deadlinetimer.com
PZc / pzc@mcat.nl
2Tm / twitter@catalysts.cc
FbG / fbg@usinternet.com
VG9 / genine.rodriguez@yahoo.com
elh / hartman19@gmail.com
nlj / nathania.johnson@gmail.com
Jf9 / julie-french@hotmail.com
HLv / hotellimavitor@hotmail.com
ocl / jshapiro@ocl.co
xWK / audaciadangereyes@gmail.com
Pdq / jdurham@yahoo.com
F5d / rob@f5d.co.uk
tLp / tlp@tlpshow.com
PuN / i4u@haruka.saiin.net haruka
F68 / ji_li@live.com
dqI / daweiq@gmail.com
sqN / cleve@dallassound.tv
damian / damian.nicholson21@gmail.com
UBt / ugo.bottari@gmail.com
yoh / nakano.yohsuke@gmail.com
_A2 / peter_anderson@theappuniverse.com
nKf / social@kidney.org
_Um / um@um.cx
E7I / elizeth_maese@yahoo.com
RJi / rji@rjionline.org
vTM / twitter@vtm.be
Ciu / j.bague@convergencia.cat
Xavier Le Vourch
Bka / Bundeskriminalamt@bka.de
vBd / volkerbduetsch@gmx.de
5eL / fiveepicleftovers@gmail.com
8ds / rob@8ways.de
0oZ / bloombox@gmail.com
HaW / haw@gmx.de
V56 / veronika.sedi@hotmail.de
S4H / admin@studentsforhumanity.com
uJA / uja@hotmail.fr
6jW / i6jw@ymail.com
IOc / admin@ioc.cat
xgS / xgsantos@gmail.com
59b / info@janterpstra.eu
M1E / meller@eller-web.net
j7r / j7roberts@gmail.com
Fdu / wkrompf@gmail.com <<<<<<<<<< clowns10
iyg / iygarcia33@gmail.com
vPT / vvpt@me.com
iCW / info@ICWashington.org
D_2 / dandube@gmail.com
8OL / egarrett1@carolina.rr.com
69x / 69x@gmx.de
bWx / bwinderickx@yahoo.com
wQB / bwolf@wfisd.net
Eps / eps@inbox.ru
VWX / pat@linuxcolumbus.com
OdW / odw@defimedia.Be
x2F / yuliandryan@yahoo.com
3kc / kiyoshiwaki@hotmail.com
btX / btx@dcpscans.net
caJ / admin@caj.ca
bas / bas@bas.me.uk
Erg / doug.coleman@gmail.com
q9U / trippy@q9u.net
W5j / wilkins@mps.ohio-state.edu
8hs / hansin@parkhansin.com
zGh / gherari@hotmail.com
Fi1 / fiona.denham@kirklees.gov.uk
nXe / 360nxe@gmail.com
ydc / youthdestiny@gmail.com
oFG / info@ofg-studium.de
389 / dwest@ccrtc.com
sugumarjm@gmail.com : indhumathi
637 / nfborkowski@hotmail.com
864 / ruth.murphy@iol.ie
504 / 504@yahoo.com
iMR / ignacio.mariscal@gmail.com
wIC / wic@o2.pl
vg9 / genine.rodriguez@yahoo.com
3kI / 3ki3ki@gmail.com
N_a / nataliagomes@hotmail.com
S5_ / s5_@outlook.com
H4W / info@h4w.nl
G0W / shashi@about-time.com
KmQ / kmacqueen12@aol.com
5WS / Jaymee.Cuddy@ctv.ca
QcT / qct@hotmail.com
Jhq / jquella@comcast.net
e@3e5.com
XV9 / xboxv9@gmail.com
QHB / broughton.h@googlemail.com
W1E / twitter@w1e.com
lZH / lzh@yandex.ru
ZVi / zvi.shmuel@gmail.com
VXt / ehaque@gmail.com
tcF / info@tcf.ch
Flr / flr@att.net
Wxq / wangxianqi@gmail.com
Knl / ketilou@hotmail.com
xlK / lougidel@gmail.com
qVO / rebeca.burciaga@gmail.com
05J / baklouti.montassar@live.com
xSV / andrew@inspiredservices.org.uk
brH / ehintze@slc.edu <<<<<<<<<<<<<< rooster13
yzM / yzm@shokai.org
9nk / lucas.villa@hotmail.com
KpV / kpv123@yahoo.com
eks / eks@gmx.com
P_R / prasun@yahoo.com
ytD / yeh@uda.co.il
Bav / brad@vanover.org
SX5 / Sx5@hotmail.com
_6C / sanka@galerie6c.net
TXe / sharrentoh@gmail.com
CcI / cci@comcast.net
E2h / ernesthearsley@yahoo.com
xwK / audaciadangereyes@gmail.com
P2j / punit.joshi@gmail.com
D7h / d_7h@hotmail.com
UVk / ujwal.kakodkar@gmail.com
greg@xpertauto.net : holyfuck (need code from email)
XgV / greg@xdesigninc.com
qJC / qcastellon@gmail.com
GS0 / summersg1@hotmail.com
Js0 / jsmall@hotmail.com
bSW / williamsonb@ntelos.com
PRm / prorodman@hotmail.com
guT / gutmetal@gmail.com
kTw / kati.wright@gmail.com
HQe / elizabeth@hq-e.com
owp / webmaster@originalwebproductions.com
lQV / uffelagerqvist@gmail.com
umh / umh@telia.com
Gu7 / gu7@arcor.de
KlW / Keli.wiechmann@gmail.com
6zw / zw_6@hotmail.com
dKF / dfortunato@gmail.com
CMX / info@cmxhub.com
5Lp / londapatterson11@yahoo.com
p_S / paolamunguia44@yahoo.es
cQb / cqb@btinternet.com
vm_ / mediratta.varun@gmail.com
Gc6 / Giancarlolinares@yahoo.com
dRF / dfarkas@pace.edu
ex3 / exx3@msn.com
PSe / pse@pse.org
Prq / prq@prqueue.com
jgW / jgw@pobox.com
fo8 / fotodesign2008@googlemail.com
ultrasystemproducts
uSp / ultrasystemproducts@yahoo.com
warren@kysomahealth.com : rrabbit3002
oHC / openhouseconcept@gmail.com
iG_ / iain.grant@gmail.com
F4x / fabio.carrabs@gmail.com
XDj / info@aroramix.com
SUu / suelainepaula@hotmail.com : 91629529
Fnh / Nick.hofstede@gmail.com
2bp / bedfordpetya@hotmail.com
uO0 / contact@uO0.com
tg6 / theresegalvan@sbcglobal.net
QCZ / qingchenz@gmail.com
l0h / lohane@hotmail.com
EJy / emilyjyoung2@gmail.com
_GJ / goran.jurosevic@gmail.com
pGc / pgc@devel.co.uk
51s / koichi_tanaka@51solutions.jp
nNg / nng@myway.com
gPM / support@zetetic.net
ZTc / zacharychamplin@gmail.com
Etf / twitter@etf.nu
EV_ / ev_@gmail.com
Iz9 / firmanz@yahoo.com
JnW / mail@justinwarren.co.uk
rWR / info@runningwithrover.com
1Fd / jiyeonshin@empal.com
Xrc / xrc@jcom.home.ne.jp
__a / skog.albert@gmail.com
slab / info@slab.de
lost / leopold@hotmail.com
pool / info@pool.se
q__ / q@buschfunk.org
pray / ryan@Pray.com
boot / curreta+boot@gmail.com
deny / deny_betanzos@hotmail.com
even / even@westvang.com
rape / vagina@rape.io
warn / WestAgainstRacism@googlemail.com
4__ / 4__@hotmail.co.th
bury / bury@gmail.com
lamb / lamb.david@yahoo.com
slip / slip@nullvoid.co.uk
cane / cane@libero.it
duke / romakahlon@gmail.com
call / press@jajah.com
node / node@nerdist.com
mole / contact@mole.com.br
herb / HerbSawyer@gmail.com
keep / social@keep.com
gold / gold@thekayostore.com
soak / info@soak.co.uk
weak / dtolbert@gmail.com
tune / contact@tune.com
joke / twitter@jokedenul.be
hurl / admin@hurl.net
heel / heel@i.ua
__2 / jurand@jurand.net
item / item@oneforty.com
pair / tina@pair.com
salt / twitter@salt.ch
seem / sgaur@usc.edu // Seema Gaur
F4P / nicholas@nicholasroutzen.com  // Nicholas Routzen (917-340-1003)
fR2 / francesco.rosati@rosati-spa.com
c6n / bill.champion@gmail.com
R9s / r9s@hotmail.com
05a / irene_sirena@hotmail.com
BmL / bmlbml@hotmail.com
S4X / s.rapa@fastwebnet.it
vzk / twitter@volker-kopetzky.de
nk8 / nkaplan@mindspring.com <<<< feebee
o8e / o8e@naver.com
K6s / jeromekas@gmail.com
Rb4 / remc2007@gmail.com // 631-421-2652
swB / kastpod@gmail.com
Cvq / carlos@cvq.cl
TOE / susantoe@hotmail.com
KWi / Hiroaki.Kawai@gmail.com
TDz / tdz@dgzoo.com
ySg / go@ysg.jp
DxZ / chow@live.com
UVK / ujwal.kakodkar@gmail.com
OFg / info@ofg-studium.de
Wqr / hmdon7@gmail.com
m8w / marc_wen@yahoo.com
2bt / 2bt@backtrackr.com
I2X / ben@ideas2executables.com
2Cc / twitter@2cc.net.au
0xF / fk@knz-it.de
HzG / zhang.harrison@gmail.com
CZ9 / wmel90@yahoo.com
3iT / eehaywood@hotmail.com
4UE / mcouch02@gmail.com
OWP / webmaster@originalwebproductions.com
xWd / xwd@netti.fi
pzv / pzv@ds-fr.com <<< alkaalka (email no longer works)
teL / tel@email.com
RNW / press@rnw.org
dy2 / debbie_yardley@hotmail.com
bTX / btx@dcpscans.net
2MC / daniel@2mc.cc
2GH / 2ndGenerationHustlaz@gmail.com
BL0 / bislas@aol.com
JRs / JacquelineSimpkins@gmail.com
SWW / jmejia@gmail.com
gbf / twitter@findgarrett.org
pWv / vickipayne@verizon.net
uay / urvashisingh@live.com
WIn / windunseath@hotmail.com
B1W / kbriceo7@gmail.com
3T5 / emanuelsundberg@hotmail.com
qBN / accounts@QBN.COM - @qbncertified (certified@qbn.com)
7T6 / abidnadeem@yahoo.com
OzW / info@89cm.net
5pb / pavla@binnell.com
MeF / sam@mefminute.com
7qU / admin@7qu.ru
Fpk / fpk@stoertaste.de <<< mao1949
dBJ / danilo.beghi@gmail.com
SDs / twitter@saturdaydownsouth.com
lBq / ligabrasileiradequeimada@gmail.com
lQs / lqs@lqs.me
k2o / igor-felipe@hotmail.com
wlM / wendymacphail@hotmail.com
GbF / twitter@findgarrett.org
AGX / agris@aterno.lv
LGV / chrissaga@hotmail.co.uk
dzF / darija@darija@darija.cat
FvV / filiphorner@web.de
HxO / hxo@gmx.us
8l3 / alexandramaria@hotmail.com
zFh / zfhzFh@hotmail.com
MdX / m_puniskis@yahoo.co.uk
6dD / 6dd@26q.com
FjU / frederic.jund@yahoo.fr
Pa4 / waqasshah@hotmail.com
gCm / gcm5000@mac.com
ci8 / cindust@gmail.com : junk77
dkw / davidwagner@gmail.com
9eT / roger.fisher@indigital.net
vC9 / colinthomson75@yahoo.com
8NB / KNewmanbale@YAHOO.COM
WzI / info@wziel.com
5Hp / hirenpandit@hotmail.com
7pj / pgrahamjnr@btinternet.com <<< walcott32
3es / tansybishop@aol.com
Dg7 / dg7twitter@live.com
Gnm / gelson.maluma@zamtel.zm
ZBQ / zbq@hotmail.co.jp
7eD / tatencohan@yahoo.com
hzn / hzn@rock.com
sCO / sco@scottraymond.net
BZJ / jensen@hipphurra.com
iTn / lawrence.mcginty@itn.co.uk
Vg5 / victorgutierrez_52@hotmail.com
name in email above: victor gutierrez
h84 / heathermcfarlane@hotmail.co.uk
9d0 / 9d0chan@gmail.com
RWV / rwv@dds.nl
wvJ / wjones@yahoo.com
DnF / don.neufeld@gmail.com
FWv / fwv1@att.net
MID / mike@dvorkin.net
FD6 / fd6@gmail.com
tZG / cherrygao85@gmail.com
1l8 / luispadilla_11@hotmail.com
MQz / marquez@marquezcomelab.com
dDP / ddp@electric-loft.org
7R3 / contact@7r3.NET
Sql / twittersql@gmail.com
sFL / twittersfl@fonciere-lyonnaise.com
z4P / hudsonsf@gmail.com
NaZ / nabeela1990@live.com
rZ8 / robert.w@gmail.com
tCR / tcr@wfg-canada.com
QGB / qbarter@sbcglobal.net
IWR / richard@innovationwithresults.com
5AC / d_laub@dslextreme.com
b4U / liga.besere@gmail.com
vW0 / analiadiaz@hotmail.com
WNB / whitney@yahoo.com
Vnw / venita.walker@gmail.com
1qD / desireedalbert@yahoo.com - desireedalbert@gmail.com
3ou / ferchichi.omar@gmail.com <<< cityhunter
Dv4 / gpk@dv4.com
DIz / manusconaghan@hotmail.com
rP6 / rpollard123@hotmail.co.uk
qLn / elloy@qln.com
yeZ / yep@yez.com
eZF / scottd@ferris.edu
FEQ / f.equacao@gmail.com // twitter5
GbF / twitter@findgarrett.org
i9I / shawnmcarthur@gmail.com
pea / wittyben@gmail.com
4EZ / faizalfikrona@gmail.com
zNg / zng@live.com.pt
8Ve / mm@8ve.org
OjU / babatundeaina@yahoo.com
bdy / belinda.y@hotmail.com
rQb / randal.bird@hotmail.com
jOl / info@jolyonyates.com
bFQ / barryquinn@aol.com
BqN / ove@bqn.se
QBA / djqba@aol.com
ZF6 / zf6@yandex.ru
wqp / hygeia.wong@hotmail.com
oOy / k_praweena@hotmail.com
jXD / junior-godoy@hotmail.com
l12 / lorrainelane@ntlworld.com
nAX / nax@nax.es
UbW / ltkearney@hotmail.com
JgW / jgw@pobox.com
cFD / cfd@ixmedia.com
yDM / ydm@sacbrunei.org
1yT / y.ismail@gmx.net
zBG / zoraida_de_garcia@hotmail.com
0Ex / 0ex@envirome.com
Aiz / aizmac4@gmail.com
muo / m.medina@gmail.com
Qa9 / m.asthoff@exit-2000.de
8KN / 8knishino@gmail.com
Mg6 / mgeldman@gmail.com
qWX / info@1915-2015.org
w3p / jpadron@w3p.com.br
rOs / fernando@ryb.es
1Tp / mpeterson@fastmail.fm
4IT / all4it@rogers.com
TzG / cherrygao85@gmail.com
pHW / phwtoo@gmail.com
2AD / adurban@charlesroyle.co.uk
3mK / 3mk123@gmail.com
xbF / xbf@adamkinney.com
B9L / ninel.bogdan@gmail.com
fWv / fwv1@att.net
ApT / apt@msn.com
ql1 / henkkulius@gmail.com
Clv / clv2008@163.com <<< franks (
O2V / volivier@gmail.com
COq / fabrice@poulin.ch
Imf / ian@neo.com
5nG / marina.aguiar@hotmail.com
5No / pmermel@hotmail.com
vQS / leandro.g@hotmail.com
m4M / m4m@mytmedia.com
hF0 / twitterhf0@gmail.com
yDw / johandewild@hotmail.com
gwp / gwp@gmail.com
Q8L / q8l@live.de
grl / info@grlmedia.com
vFx / bledi8485@hotmail.com
63g / 63g@in.com
WfQ / sshahimi@hotmail.com
Iax / twitter.com@bochterservices.com
ITR / 1@itr.fr
0BZ / charles.kee@gmail.com
43h / vinitaverma92@gmail.com
e4p / info@techdivision.com
dtj / social@dtg.org
4et / etkimble@verizon.net
zOa / zoadam@hotmail.com
gFW / mengfeish@yahoo.com
KBl / k-otomo@home.email.ne.jp
4fx / twitter@4fx.co.uk
AaP / adampribadi33@yahoo.com
m8L / malajangali@hotmail.com
uA6 / ua6@yahoo.com
OzV / ozvidal@gmail.com
wl8 / wlee8@rogers.com
a7u / ahsan.umar@hotmail.com
seW / info@sew.la
ZzD / zoezelldavis@gmail.com
qMe / qme@libero.it
TLJ / tlj@email.com
6ZC / c.6z@hotmail.com
M4W / m4w@mytmedia.com
oWM / staff@oneworldmissions.com
RbW / rbw@rock.com
EQm / eqm@heels.com
zdZ / zdz@live.fr
6aF / ambfilho@gmail.com
BeV / info@bev.gr
A1u / a1u@a1u.de
lqX / infolqx@gmail.com 1212112121
96u / josuemayta@hotmail.com
l48 / g@l48.org
QgU / yag.loh@gmail.com
TMF / info@tmf.be
0RP / orkesrockpribumi@gmail.com
5X8 / 5x8@tvnet.lv <<< daniels12510
t8c / T8c@outlook.com
GLx / info@glx.net
rVQ / reema@vonquadt.de
header : jihyeon.yeom@gmail.com :  Jihyeon Yeom
Martyr : marty.ramos@sbcglobal.net : Marty Ramos
crease : crease@setec.org : Donald Crease
Bloat : nataliem@hotmail.com : Natalie Milton
Damp : billharmon@centurytel.net : Bill Harmon
Crackers : info@themcgoos.com  :
Pitcher : mpitcher07@yahoo.com : Michael Pitcher
Mutualize : Mutualize@gmail.com : MutualNation
POOF : nielspausma@gmail.com : Niels Pausma
Quahog : quahog@quahog.com.br
tight : titusheard@gmail.com : Titus Heard
engrave : joe@engraveyourtech.com : Joe Mansfield
tooka : cairns.tony@gmail.com : tony cairns
Territory : paul.schmit@gmail.com : Paul Schmit
Crypt : ipasli@yahoo.com : isak pasli
Crucify : kagrs@gmail.com :
KtW / kati.wright@gmail.com
xfj / xfj@gmail.com
m5o / m5o@gmx.com
d6K / d6k@hotmail.com
Wt5 / kendixon@mindspring.com : ssapfr21 (needs number ends in 47)
FlM / jockrot@footloosemoose.com
Gx9 / gloria.cruz@gmail.com
r3R / admin@r3r.com
gmf / eisrael@greenmicrofinance.com
OI9 / t-smoothie@yahoo.com
0L4 / 0l4@mail.ru
3gi / info@tripleginteractive.com
GQA / gquintero@hotmail.com
jG8 / info@gewicht-verliezen.nl
n97 / alianamish@hotmail.com
FlR / flr@aol.com
UeW / UeW@UeW.de : saskia21twit
K5o / kimotero@me.com
ln3 / lnguyen@gmail.com
6pe / ayo.balogun@gmail.com
Q57 / qgambino1@yahoo.com
uF8 / UF.8@aol.com
XHm / dcrocodile@gmail.com
rOS / fernando@ros.cc
iLs / ilze@meck.co.za
3By / evelyng@hotmail.com
pl6 / patricklohlein@gmail.com
BW7 / bwinters@umich.edu
Obf / olivera.batula@bankamagazine.hr
7RL / 7rl@netsecs.us
zMP / dave@zomopro.com
91w / bcmoody@hotmail.com
xUz / zxu@cagd.org
Xp0 / marcelo.ramos@gmail.com
M1s / martyn.saville@gmail.com
pNG / twitter@png-online.de
Nmy / nmynmy@gmail.com
lQS / lqs@lqs.me
c8t / catherinem@serviceseta.org.za
OfU / p_pey@yahoo.com
OJR / ojr@ojr.org
U_T / U_T@o2.pl
qtu / qtu@post.harvard.edu
4fH / josephanampa@hotmail.com
E7Q / fajriarum@yahoo.com
10O / zeno@wultsch.at
i2H / info@i2h.de
9Fx / mirko@9fx.de
JyR / jyr.gaxiola@gmail.com
UDB / uboehnert@hotmail.com
438 / brantedmond@hotmail.com
cFd / cfd@ixmedia.com
LRu / lru@runnerskingdom.com
31R / joseph.ngari@gmail.com
3Mf / mflindt@privat.dk
57P / flinders@gmail.com
W9d / christophereddy@yahoo.com
0fC / orcuncalba@gmail.com
xZb / xzb@gxzjy.com <<< 2224314 (email no longer works)
Ghv / gvihovde@gmail.com
Hgx / helengreen@yahoo.com
yBu / yann.bureller@gmail.com
9Oe / 9oe@live.com
8Bb / 8b_penabur_sukabumi@yahoo.com
pNw / peter@nearlogic.com
RUe / altonoa@gmail.com
QCR / qcr4ever@comcast.net
Ea0 / ea0@hotmail.fr
5xW / FranciscoPablo@hotmail.com
uQn / UmQuedeNegritude@gmail.com
A1Q / abhie32@gmail.com
qGZ / gregorymoody@rocketmail.com
lQ_ / liquid_@i.ua
XSB / xsb@i.softbank.jp
UVx / vooe@ymail.com
VEl / vnurkhajjah@yahoo.com
mRg / @matandorobosgigantes.com
VGZ / welcome@vgz.nl
J2U / j2u@prodigy.net
MtW / news@montrealtechwatch.com
xOd / xod@mac.com
dJK / d@djk.io
tOV / tov@tov.net
ald / afrael@yahoo.com
xwV / tc@cboz.net
xoz / ozmen@kth.se
ol3 / ol3@mac.com
Lh6 / lisa@wagstaffworldwide.com
jJ3 / jjason@hotmail.com
z93 / twitter@z933.com
j6_ / j6@yahoo.com
alR / alessandrosnipper@yahoo.com.br
VuU / lynavuu@yahoo.com
AzS / anazatezalo@hotmail.com
Vnw / venita.walker@gmail.com
oZV / ozvidal@gmail.com
uFS / ufsheikh@gmail.com
ycA / info@yca-sandwell.org.uk
g74 / agee74@gmail.com
57p / flinders@gmail.com
Ng5 / campagnaj@whbschools.org
pZA / pza@pza.net.au
RBK / rbca@gmail.com
OZc / oazepeda@hotmail.com
Gch / greg@DesignPathMedia.com
bv9 / bruna.valente@hotmail.com
8hl / lootsjh@mweb.co.za
fpq / flaviaq@nyc.rr.com
Sbr / sbr@privat.dk
OmJ / mjarvegren@gmail.com
4p3 / mikko_arponen@hotmail.com
sFD / social.fairy.dust@googlemail.com
dBb / davidbluhm@gmail.com
OeI / atchariyatb@gmail.com
X09 / arianna@live.it
5u0 / 5u0@mail.ru
Qf0 / qf0@hotmail.com
oKX / twitter@okx.fr
hId / philipshid@gmail.com
9fZ / jiufengzi2001@gmail.com
k1g / kaylee.groucott@btinternet.com
NFE / nfe@free.fr
fFE / social@fantasyfootballexchange.co.uk
OBz / aubreyds@hotmail.com
s6n / sandiilusimati@yahoo.com
hJi / mail@hji.co.uk
vyq / vypham@yahoo.com
tfq / tom.quinn@cox.net
zDN / peterniu@yahoo.com
7FM / arcodavelha@arcodavelha.eu
h4N / han.kessels@gmail.com
btB /  info@btb.be
vgu / administration@vg-u.de
oky / vardarova@gmail.com
oqW / quintinwalker@yahoo.com
Wvj / wjones@yahoo.com
qv8 / hlsimms@hotmail.co.uk
WRM / maxim@hooft.net
kxf / kfang@twitter.com
2mx / maxim.voloschuk@gmail.com
8kT / 8kt@i.softbank.jp
ovB / overblue99@gmail.com
PLv / philippe.levan@kibatic.com
h3d / h3.d@icloud.com
h0n / pohan@hotmail.com
KgQ / kilderg@gmail.com
gZl / g.ulanday@me.com
cp1 / cp1@hani.net
5T8 / sarahs@bis.midco.net
CoQ / fabrice@poulin.ch
1Uh / hollmichel@mac.com
SqU / Speedqueenunderground@Gmail.com
D4R / daishiro@d4r.jp
vI0 / violeta_@hotmail.com
Cb8 / christinebrown84@yahoo.com
FKP / felipek@gmail.com
RNw / promo@rnw.org
rWR / info@runningwithrover.com
U65 / kochubey@mail.ru
mbv / miguelboavida@mac.com : bubbles42mara
p4r / tim@paddle4relief.co.uk
qGB / qbarter@sbcglobal.net
Okz / okz@okz-web.com
Gdv / gdv@eject.co.za
pzW / jslokkers@procestechniekzw.nl
f01 / fernandoluiz@hotmail.com
cka / admin@canadaka.net
fmA / jean@fma.com
v4L / info@vision4living.org
TzD / twitter@tranzendental.com
gB8 / gabriel.gb8@gmail.com cordeiro
kKq / kathykq@hotmail.com
Zzd / zoezelldavis@gmail.com
0GA / gabyscarlet@hotmail.com
g6e / jim@g6e.org
R40 / hogan_renee@hotmail.com paging
LKH / lkh@avalon.net : kids333
7U6 / wroyes@yahoo.com
Pg0 / purabgaur88@gmail.com
pWm / twitter.com@philwaldrep.org
cD4 / cd4band2@yahoo.com thebeach1
Xcj / info@xcj.nl
e3k / eric@mediaplatforms.ca
b4L / sgarri@ngs.com
21d / rhayden@21d.com
7ED / tatencohan@yahoo.com
yHq / yHq@hotmail.com
KDP / denise_phengthongsavath@hotmail.com
cmZ / china@example.com
8l2 / l.mathis@yahoo.com
IGd / ihab@myonlineworld.com
17w / westlife@gmail.com
Tpn / thepodcastnetwork@gmail.com
Ixl / ixl@hotmail.co.uk
8Cg / cgreene479@gmail.com
v0N / rodriguezvon@yahoo.com
CTV / video@cchsctv.com
s_M / s@soter.tv
PRN / piraterobotninja@gmail.com
eTm / juergen.mangler@univie.ac.at
tCW / amir@thecultivatedword.com (@amirlearner - https://titanpad.com/rALFWrp8Rh)
QXC / skyqxc@163.com
3SI / joSe@3strandrealestate.com
LEJ / kenji.Mori@landsend.co.jp
KMt / kmt@ftml.net
Zrf / zarif.tezer@gmail.com
Ixu / ixu@twitter.com <<< lets jack twitter employee yes!!
znB / znb@yahoo.com
wrn / info@WRN.com
ZVL / victor.diji@gmail.com
P2U / infp@power2u.co.za
rQS / rql_@hotmail.com
b1p / panesar_25@hotmail.com Bhawan Panesar
j5v / johnv@johnvalentine.co.uk
sWP / stevewhiteproductions@gmail.com
kIZ / stacy@covehurst.net  stacy cowley
XWV / tc@cboz.net Tanveer Choudhry
g62 / g@g-area.ru
wEl / loyd@gmail.com
NPX / npx@npx.com
yCB / ycanelnino9@hotmail.com
SQc / sqc@me.com
y3B / Bertha.woon@gmail.com
Hzg / zhang.harrison@gmail.com
nFw / neal.wolfe@gmail.com
lbH / oswapalma@hotmail.com
UJt / john.fair@1st4cruising.com : chelsea1
dUx / rejotl@gmail.com
indiotaino.af@gmail.com
pzW / jslokkers@procestechniekzw.nl
UdS / udanies@gmail.com
xhm / dcrocodile@gmail.com
wCV / wcv@gmail.com
dX5 / dexduff@yahoo.com
LHe / moocow2619@aol.com
3nb / abdo_boody_100@yahoo.com (PASS ON EMAIL 0104794548)
GVj / gvjgvj@gmail.com
UOg / reggie.lee@gmail.com
c31 / rpveach@hotmail.com
qP9 / ryanlees38@hotmail.co.uk
5aW / webera@ndapandas.org
crossing / millerscrossing@millerscrossingbluegrass.com
FNZ / ward.hellemans@gmail.com
petty / pettyjojo@126.com
QnG / qngzz@yahoo.com
0za / zerozach@gmail.com
I61 / contact@i61.church
E2r / vickiavil@aol.com
W9D / christophereddy@yahoo.com
ZWn / twitter@zombiewatchnetwork.com
pKi / michael_camingay@yahoo.com
Hn5 / hn5hn@hotmail.com
PZc / pzc@mcat.nl
qeG / quinneg@gmail.com
fs7 / Sablemoraux@gmail.com
3mz / 3mz@tigertissue.com
housing / social@housing.com
cultivate / justin@cultivatecreative.com
Koran / twitter_koran@yahoo.com
generate / jared@generatela.com
plagiarize / ryanacheson@yahoo.com
71x / Streitmatter1@msn.com
2w8 / wendy@w8write.com
Dl6 / dl6@pdq.net
EBG / guillaume.ber@ebg.net
sZV / r.schmidtchen@t-online.de
kettle / kettle@post.com : kontroll
proportion / design@proportionlondon.com
reflection / reflection@mirrorseye.net
certain / social@certain.com
cotton / ecotton@bssp.com
1iX / a1ix@live.com Alex Pineda
HGX / helengreen@yahoo.com
iB5 / ib5@example.com
instinct / bill@instinctmarketing.com
Xpe / xp-group@gmail.com
kM8 / k_madden@ctcdistributing.com
5wu / wuwilliams@yahoo.com
say / dave@say.sh
diagram / tony@wicks.co.uk Tony Wicks
smash / smash@hotmail.it Massimo Casagrande
intensify / alex@connectly.co
rape / vagina@rape.io
reliable / Terrisabins@gmail.com
break / break.com@gmail.com
tin / tistvan70@gmail.com török istván nándor
maximum / maximum@ukr.net
spill / info@spillnow.com
cattle / webmaster@cattle.de
vegetable / hamdanfiras@yahoo.com
theme / hmuwanika@gmail.com
formula / janeknoll@hotmail.com
complete / keithstjohn@sbcglobal.net
bracket / bracket@yahoo.com
herb / herbsawyer@gmail.com
A5v / asepsatia@yahoo.com
I_q / quinton@me.com
vDu / noel@vdu.io
4c5 / andre.casertano@gmail.com
create new paste  /  dealsnew!  /  api  /  trends  /  syntax languages  /  faq  /  tools  /  privacy  /  cookies  /  contact  /  dmca  /  scraping  /  go
Site design & logo © 2017 Pastebin; user contributions (pastes) licensed under cc by-sa 3.0 -- Dedicated Server Hosting by Steadfast
When this paste gets automatically deleted
Top